ta,ea,ma,ea2,ta2
-6.28319,-0.00000,-0.00000,-0.00000,-0.00000
-6.27690,0.00210,0.00042,0.00210,0.00629
-6.27061,0.00419,0.00084,0.00419,0.01257
-6.26433,0.00629,0.00126,0.00629,0.01886
-6.25804,0.00838,0.00168,0.00838,0.02515
-6.25175,0.01048,0.00210,0.01048,0.03143
-6.24547,0.01257,0.00252,0.01258,0.03772
-6.23918,0.01467,0.00293,0.01467,0.04401
-6.23289,0.01677,0.00335,0.01677,0.05030
-6.22661,0.01886,0.00377,0.01887,0.05659
-6.22032,0.02096,0.00419,0.02096,0.06286
-6.21404,0.02306,0.00461,0.02306,0.06915
-6.20775,0.02516,0.00503,0.02516,0.07544
-6.20146,0.02725,0.00545,0.02725,0.08172
-6.19518,0.02935,0.00587,0.02935,0.08801
-6.18889,0.03145,0.00629,0.03145,0.09429
-6.18260,0.03355,0.00672,0.03355,0.10058
-6.17632,0.03565,0.00714,0.03565,0.10687
-6.17003,0.03775,0.00756,0.03775,0.11315
-6.16375,0.03986,0.00798,0.03986,0.11944
-6.15746,0.04196,0.00840,0.04196,0.12573
-6.15117,0.04406,0.00882,0.04406,0.13201
-6.14489,0.04617,0.00925,0.04617,0.13830
-6.13860,0.04827,0.00967,0.04827,0.14459
-6.13231,0.05038,0.01009,0.05038,0.15087
-6.12603,0.05248,0.01052,0.05248,0.15716
-6.11974,0.05459,0.01094,0.05459,0.16344
-6.11345,0.05670,0.01136,0.05670,0.16973
-6.10717,0.05881,0.01179,0.05881,0.17602
-6.10088,0.06092,0.01221,0.06092,0.18230
-6.09460,0.06303,0.01264,0.06303,0.18859
-6.08831,0.06514,0.01307,0.06514,0.19488
-6.08202,0.06726,0.01349,0.06726,0.20116
-6.07574,0.06937,0.01392,0.06937,0.20745
-6.06945,0.07149,0.01435,0.07149,0.21373
-6.06316,0.07360,0.01477,0.07360,0.22002
-6.05688,0.07572,0.01520,0.07572,0.22631
-6.05059,0.07784,0.01563,0.07784,0.23259
-6.04430,0.07996,0.01606,0.07997,0.23888
-6.03802,0.08209,0.01649,0.08209,0.24517
-6.03173,0.08421,0.01692,0.08421,0.25145
-6.02545,0.08634,0.01735,0.08634,0.25774
-6.01916,0.08847,0.01779,0.08847,0.26403
-6.01287,0.09059,0.01822,0.09059,0.27031
-6.00659,0.09273,0.01865,0.09273,0.27660
-6.00030,0.09486,0.01909,0.09486,0.28288
-5.99401,0.09699,0.01952,0.09699,0.28917
-5.98773,0.09913,0.01996,0.09913,0.29546
-5.98144,0.10126,0.02039,0.10126,0.30174
-5.97516,0.10340,0.02083,0.10340,0.30803
-5.96887,0.10555,0.02127,0.10555,0.31432
-5.96258,0.10769,0.02170,0.10769,0.32060
-5.95630,0.10983,0.02214,0.10983,0.32689
-5.95001,0.11198,0.02258,0.11198,0.33318
-5.94372,0.11413,0.02302,0.11413,0.33946
-5.93744,0.11628,0.02347,0.11628,0.34575
-5.93115,0.11843,0.02391,0.11843,0.35204
-5.92486,0.12059,0.02435,0.12059,0.35832
-5.91858,0.12275,0.02480,0.12275,0.36461
-5.91229,0.12491,0.02524,0.12491,0.37089
-5.90601,0.12707,0.02569,0.12707,0.37718
-5.89972,0.12923,0.02613,0.12923,0.38347
-5.89343,0.13140,0.02658,0.13140,0.38975
-5.88715,0.13357,0.02703,0.13357,0.39604
-5.88086,0.13574,0.02748,0.13574,0.40233
-5.87457,0.13791,0.02793,0.13791,0.40861
-5.86829,0.14009,0.02838,0.14009,0.41490
-5.86200,0.14227,0.02884,0.14227,0.42119
-5.85572,0.14445,0.02929,0.14445,0.42747
-5.84943,0.14663,0.02975,0.14663,0.43376
-5.84314,0.14882,0.03020,0.14882,0.44005
-5.83686,0.15101,0.03066,0.15101,0.44633
-5.83057,0.15320,0.03112,0.15320,0.45262
-5.82428,0.15540,0.03158,0.15540,0.45891
-5.81800,0.15759,0.03204,0.15760,0.46519
-5.81171,0.15979,0.03250,0.15980,0.47148
-5.80542,0.16200,0.03297,0.16200,0.47777
-5.79914,0.16421,0.03343,0.16421,0.48405
-5.79285,0.16641,0.03390,0.16642,0.49034
-5.78657,0.16863,0.03436,0.16863,0.49663
-5.78028,0.17084,0.03483,0.17085,0.50291
-5.77399,0.17306,0.03530,0.17307,0.50920
-5.76771,0.17528,0.03577,0.17529,0.51549
-5.76142,0.17751,0.03625,0.17751,0.52178
-5.75513,0.17974,0.03672,0.17974,0.52806
-5.74885,0.18197,0.03720,0.18198,0.53435
-5.74256,0.18421,0.03767,0.18421,0.54062
-5.73627,0.18645,0.03815,0.18645,0.54691
-5.72999,0.18869,0.03863,0.18869,0.55320
-5.72370,0.19093,0.03911,0.19093,0.55948
-5.71742,0.19318,0.03960,0.19318,0.56577
-5.71113,0.19544,0.04008,0.19544,0.57206
-5.70484,0.19769,0.04057,0.19769,0.57834
-5.69856,0.19995,0.04105,0.19995,0.58463
-5.69227,0.20222,0.04154,0.20222,0.59091
-5.68598,0.20449,0.04204,0.20449,0.59720
-5.67970,0.20676,0.04253,0.20676,0.60349
-5.67341,0.20903,0.04302,0.20903,0.60977
-5.66713,0.21131,0.04352,0.21131,0.61606
-5.66084,0.21360,0.04402,0.21360,0.62235
-5.65455,0.21589,0.04452,0.21589,0.62863
-5.64827,0.21818,0.04502,0.21818,0.63492
-5.64198,0.22047,0.04552,0.22047,0.64121
-5.63569,0.22278,0.04603,0.22278,0.64749
-5.62941,0.22508,0.04653,0.22508,0.65378
-5.62312,0.22739,0.04704,0.22739,0.66006
-5.61683,0.22970,0.04755,0.22970,0.66635
-5.61055,0.23202,0.04806,0.23202,0.67264
-5.60426,0.23434,0.04858,0.23434,0.67892
-5.59798,0.23667,0.04910,0.23667,0.68521
-5.59169,0.23900,0.04962,0.23900,0.69150
-5.58540,0.24134,0.05014,0.24134,0.69778
-5.57912,0.24368,0.05066,0.24368,0.70407
-5.57283,0.24602,0.05118,0.24602,0.71036
-5.56654,0.24837,0.05171,0.24837,0.71664
-5.56026,0.25073,0.05224,0.25073,0.72293
-5.55397,0.25309,0.05277,0.25309,0.72921
-5.54769,0.25545,0.05331,0.25545,0.73550
-5.54140,0.25782,0.05384,0.25782,0.74179
-5.53511,0.26020,0.05438,0.26020,0.74807
-5.52883,0.26258,0.05492,0.26258,0.75436
-5.52254,0.26496,0.05546,0.26496,0.76065
-5.51625,0.26735,0.05601,0.26735,0.76693
-5.50997,0.26975,0.05656,0.26975,0.77322
-5.50368,0.27215,0.05711,0.27215,0.77950
-5.49739,0.27456,0.05766,0.27456,0.78579
-5.49111,0.27697,0.05822,0.27697,0.79208
-5.48482,0.27939,0.05877,0.27939,0.79836
-5.47854,0.28181,0.05933,0.28181,0.80465
-5.47225,0.28424,0.05990,0.28424,0.81094
-5.46596,0.28667,0.06046,0.28667,0.81722
-5.45968,0.28911,0.06103,0.28912,0.82351
-5.45339,0.29156,0.06160,0.29156,0.82979
-5.44710,0.29401,0.06218,0.29401,0.83608
-5.44082,0.29647,0.06275,0.29647,0.84237
-5.43453,0.29894,0.06333,0.29894,0.84865
-5.42824,0.30141,0.06392,0.30141,0.85494
-5.42196,0.30388,0.06450,0.30388,0.86123
-5.41567,0.30636,0.06509,0.30636,0.86751
-5.40939,0.30885,0.06568,0.30885,0.87380
-5.40310,0.31135,0.06627,0.31135,0.88009
-5.39681,0.31385,0.06687,0.31385,0.88637
-5.39053,0.31636,0.06747,0.31636,0.89266
-5.38424,0.31887,0.06808,0.31887,0.89894
-5.37795,0.32139,0.06868,0.32139,0.90523
-5.37167,0.32392,0.06929,0.32392,0.91152
-5.36538,0.32646,0.06991,0.32646,0.91780
-5.35910,0.32900,0.07052,0.32900,0.92409
-5.35281,0.33155,0.07114,0.33155,0.93038
-5.34652,0.33410,0.07177,0.33410,0.93666
-5.34024,0.33667,0.07239,0.33667,0.94295
-5.33395,0.33923,0.07302,0.33923,0.94924
-5.32766,0.34181,0.07366,0.34181,0.95552
-5.32138,0.34440,0.07429,0.34440,0.96181
-5.31509,0.34699,0.07493,0.34699,0.96809
-5.30880,0.34959,0.07558,0.34959,0.97438
-5.30252,0.35219,0.07623,0.35219,0.98067
-5.29623,0.35481,0.07688,0.35481,0.98695
-5.28995,0.35743,0.07753,0.35743,0.99324
-5.28366,0.36006,0.07819,0.36006,0.99953
-5.27737,0.36269,0.07886,0.36269,1.00581
-5.27109,0.36534,0.07953,0.36534,1.01210
-5.26480,0.36799,0.08020,0.36799,1.01839
-5.25851,0.37065,0.08087,0.37065,1.02467
-5.25223,0.37332,0.08155,0.37332,1.03096
-5.24594,0.37600,0.08224,0.37600,1.03724
-5.23966,0.37868,0.08292,0.37868,1.04353
-5.23337,0.38137,0.08362,0.38137,1.04982
-5.22708,0.38408,0.08431,0.38408,1.05610
-5.22080,0.38679,0.08502,0.38679,1.06239
-5.21451,0.38951,0.08572,0.38951,1.06868
-5.20822,0.39223,0.08643,0.39223,1.07496
-5.20194,0.39497,0.08715,0.39497,1.08125
-5.19565,0.39771,0.08786,0.39772,1.08754
-5.18936,0.40047,0.08859,0.40047,1.09382
-5.18308,0.40323,0.08932,0.40323,1.10011
-5.17679,0.40600,0.09005,0.40600,1.10639
-5.17051,0.40879,0.09079,0.40879,1.11268
-5.16422,0.41158,0.09153,0.41158,1.11897
-5.15793,0.41438,0.09228,0.41438,1.12525
-5.15165,0.41719,0.09303,0.41719,1.13154
-5.14536,0.42001,0.09379,0.42001,1.13783
-5.13907,0.42283,0.09456,0.42283,1.14411
-5.13279,0.42567,0.09533,0.42567,1.15040
-5.12650,0.42852,0.09610,0.42852,1.15669
-5.12021,0.43138,0.09688,0.43138,1.16297
-5.11393,0.43425,0.09767,0.43425,1.16926
-5.10764,0.43713,0.09846,0.43713,1.17555
-5.10136,0.44001,0.09925,0.44002,1.18183
-5.09507,0.44291,0.10005,0.44291,1.18812
-5.08878,0.44582,0.10086,0.44582,1.19441
-5.08250,0.44874,0.10168,0.44874,1.20069
-5.07621,0.45167,0.10250,0.45168,1.20698
-5.06992,0.45462,0.10332,0.45462,1.21327
-5.06364,0.45757,0.10415,0.45757,1.21955
-5.05735,0.46053,0.10499,0.46053,1.22584
-5.05106,0.46350,0.10584,0.46351,1.23213
-5.04478,0.46649,0.10669,0.46649,1.23841
-5.03849,0.46949,0.10754,0.46949,1.24470
-5.03221,0.47249,0.10841,0.47250,1.25099
-5.02592,0.47551,0.10928,0.47552,1.25727
-5.01963,0.47855,0.11015,0.47855,1.26355
-5.01335,0.48159,0.11104,0.48159,1.26984
-5.00706,0.48464,0.11193,0.48464,1.27612
-5.00077,0.48771,0.11283,0.48771,1.28241
-4.99449,0.49079,0.11373,0.49079,1.28870
-4.98820,0.49388,0.11464,0.49388,1.29498
-4.98192,0.49698,0.11556,0.49698,1.30127
-4.97563,0.50010,0.11649,0.50010,1.30756
-4.96934,0.50323,0.11742,0.50323,1.31384
-4.96306,0.50637,0.11836,0.50637,1.32013
-4.95677,0.50952,0.11931,0.50952,1.32642
-4.95048,0.51269,0.12027,0.51269,1.33270
-4.94420,0.51587,0.12124,0.51587,1.33899
-4.93791,0.51906,0.12221,0.51906,1.34527
-4.93162,0.52227,0.12319,0.52227,1.35156
-4.92534,0.52549,0.12418,0.52549,1.35785
-4.91905,0.52872,0.12518,0.52872,1.36413
-4.91277,0.53197,0.12618,0.53197,1.37042
-4.90648,0.53523,0.12720,0.53523,1.37671
-4.90019,0.53850,0.12822,0.53850,1.38299
-4.89391,0.54179,0.12925,0.54179,1.38928
-4.88762,0.54509,0.13029,0.54509,1.39556
-4.88133,0.54841,0.13135,0.54841,1.40185
-4.87505,0.55174,0.13240,0.55174,1.40814
-4.86876,0.55509,0.13347,0.55509,1.41442
-4.86248,0.55845,0.13455,0.55845,1.42071
-4.85619,0.56183,0.13564,0.56183,1.42700
-4.84990,0.56522,0.13674,0.56522,1.43328
-4.84362,0.56862,0.13785,0.56862,1.43957
-4.83733,0.57205,0.13896,0.57205,1.44586
-4.83104,0.57548,0.14009,0.57548,1.45214
-4.82476,0.57894,0.14123,0.57894,1.45843
-4.81847,0.58241,0.14238,0.58241,1.46471
-4.81218,0.58589,0.14354,0.58589,1.47100
-4.80590,0.58939,0.14471,0.58939,1.47729
-4.79961,0.59291,0.14589,0.59291,1.48357
-4.79333,0.59645,0.14708,0.59645,1.48986
-4.78704,0.60000,0.14828,0.60000,1.49615
-4.78075,0.60356,0.14950,0.60356,1.50243
-4.77447,0.60715,0.15073,0.60715,1.50872
-4.76818,0.61075,0.15196,0.61075,1.51501
-4.76189,0.61437,0.15322,0.61437,1.52129
-4.75561,0.61801,0.15448,0.61801,1.52758
-4.74932,0.62166,0.15575,0.62166,1.53386
-4.74303,0.62534,0.15704,0.62534,1.54015
-4.73675,0.62903,0.15834,0.62903,1.54644
-4.73046,0.63273,0.15965,0.63273,1.55272
-4.72418,0.63646,0.16098,0.63646,1.55901
-4.71789,0.64021,0.16232,0.64021,1.56530
-4.71160,0.64397,0.16367,0.64397,1.57158
-4.70532,0.64776,0.16504,0.64776,1.57787
-4.69903,0.65156,0.16642,0.65156,1.58415
-4.69274,0.65538,0.16781,0.65538,1.59044
-4.68646,0.65922,0.16922,0.65922,1.59673
-4.68017,0.66308,0.17064,0.66308,1.60301
-4.67389,0.66697,0.17208,0.66697,1.60930
-4.66760,0.67087,0.17354,0.67087,1.61559
-4.66131,0.67479,0.17500,0.67479,1.62187
-4.65503,0.67873,0.17649,0.67873,1.62816
-4.64874,0.68270,0.17799,0.68270,1.63445
-4.64245,0.68668,0.17950,0.68668,1.64073
-4.63617,0.69069,0.18103,0.69069,1.64702
-4.62988,0.69471,0.18258,0.69471,1.65330
-4.62359,0.69876,0.18415,0.69876,1.65959
-4.61731,0.70283,0.18573,0.70283,1.66588
-4.61102,0.70693,0.18733,0.70693,1.67216
-4.60474,0.71104,0.18894,0.71104,1.67845
-4.59845,0.71518,0.19058,0.71518,1.68474
-4.59216,0.71934,0.19223,0.71934,1.69102
-4.58588,0.72352,0.19390,0.72352,1.69731
-4.57959,0.72773,0.19559,0.72773,1.70359
-4.57330,0.73196,0.19730,0.73196,1.70988
-4.56702,0.73622,0.19902,0.73622,1.71617
-4.56073,0.74049,0.20077,0.74049,1.72245
-4.55445,0.74480,0.20254,0.74480,1.72874
-4.54816,0.74912,0.20433,0.74912,1.73503
-4.54187,0.75348,0.20613,0.75348,1.74131
-4.53559,0.75785,0.20796,0.75785,1.74760
-4.52930,0.76225,0.20981,0.76225,1.75389
-4.52301,0.76668,0.21168,0.76668,1.76017
-4.51673,0.77114,0.21358,0.77114,1.76646
-4.51044,0.77561,0.21549,0.77562,1.77274
-4.50415,0.78012,0.21743,0.78012,1.77903
-4.49787,0.78465,0.21939,0.78465,1.78532
-4.49158,0.78921,0.22137,0.78921,1.79160
-4.48530,0.79380,0.22338,0.79380,1.79789
-4.47901,0.79841,0.22541,0.79841,1.80418
-4.47272,0.80306,0.22747,0.80306,1.81046
-4.46644,0.80773,0.22955,0.80773,1.81675
-4.46015,0.81242,0.23166,0.81242,1.82304
-4.45386,0.81715,0.23379,0.81715,1.82932
-4.44758,0.82191,0.23595,0.82191,1.83561
-4.44129,0.82669,0.23814,0.82669,1.84189
-4.43500,0.83151,0.24035,0.83151,1.84818
-4.42872,0.83635,0.24259,0.83635,1.85447
-4.42243,0.84123,0.24486,0.84123,1.86075
-4.41615,0.84613,0.24716,0.84613,1.86704
-4.40986,0.85107,0.24948,0.85107,1.87333
-4.40357,0.85604,0.25184,0.85604,1.87961
-4.39729,0.86104,0.25422,0.86104,1.88590
-4.39100,0.86607,0.25664,0.86607,1.89219
-4.38471,0.87113,0.25909,0.87113,1.89847
-4.37843,0.87623,0.26156,0.87623,1.90476
-4.37214,0.88136,0.26407,0.88136,1.91104
-4.36586,0.88652,0.26662,0.88652,1.91733
-4.35957,0.89172,0.26920,0.89172,1.92362
-4.35328,0.89695,0.27181,0.89695,1.92990
-4.34700,0.90221,0.27445,0.90221,1.93619
-4.34071,0.90751,0.27713,0.90751,1.94248
-4.33442,0.91284,0.27985,0.91284,1.94876
-4.32814,0.91821,0.28260,0.91821,1.95505
-4.32185,0.92362,0.28539,0.92362,1.96134
-4.31556,0.92906,0.28821,0.92906,1.96762
-4.30928,0.93454,0.29108,0.93454,1.97391
-4.30299,0.94005,0.29398,0.94005,1.98019
-4.29671,0.94561,0.29692,0.94561,1.98648
-4.29042,0.95120,0.29991,0.95120,1.99277
-4.28413,0.95683,0.30293,0.95683,1.99905
-4.27785,0.96249,0.30600,0.96249,2.00534
-4.27156,0.96820,0.30911,0.96820,2.01163
-4.26527,0.97395,0.31226,0.97395,2.01791
-4.25899,0.97973,0.31545,0.97973,2.02420
-4.25270,0.98556,0.31869,0.98556,2.03048
-4.24642,0.99143,0.32198,0.99143,2.03677
-4.24013,0.99734,0.32531,0.99734,2.04306
-4.23384,1.00329,0.32869,1.00329,2.04934
-4.22756,1.00928,0.33212,1.00928,2.05563
-4.22127,1.01532,0.33560,1.01532,2.06192
-4.21498,1.02139,0.33912,1.02139,2.06820
-4.20870,1.02752,0.34270,1.02752,2.07449
-4.20241,1.03368,0.34633,1.03368,2.08077
-4.19612,1.03989,0.35001,1.03989,2.08706
-4.18984,1.04615,0.35375,1.04615,2.09335
-4.18355,1.05245,0.35754,1.05245,2.09963
-4.17727,1.05880,0.36139,1.05880,2.10592
-4.17098,1.06519,0.36529,1.06519,2.11221
-4.16469,1.07163,0.36925,1.07163,2.11849
-4.15841,1.07812,0.37327,1.07812,2.12478
-4.15212,1.08466,0.37734,1.08466,2.13107
-4.14583,1.09125,0.38148,1.09125,2.13735
-4.13955,1.09788,0.38569,1.09788,2.14364
-4.13326,1.10457,0.38995,1.10457,2.14992
-4.12697,1.11130,0.39428,1.11130,2.15621
-4.12069,1.11809,0.39867,1.11809,2.16250
-4.11440,1.12492,0.40314,1.12492,2.16878
-4.10812,1.13181,0.40766,1.13181,2.17507
-4.10183,1.13875,0.41226,1.13875,2.18136
-4.09554,1.14575,0.41693,1.14575,2.18764
-4.08926,1.15279,0.42167,1.15279,2.19393
-4.08297,1.15990,0.42649,1.15990,2.20021
-4.07668,1.16705,0.43138,1.16705,2.20650
-4.07040,1.17427,0.43634,1.17427,2.21279
-4.06411,1.18153,0.44138,1.18153,2.21907
-4.05783,1.18886,0.44650,1.18886,2.22536
-4.05154,1.19624,0.45170,1.19624,2.23165
-4.04525,1.20368,0.45699,1.20368,2.23793
-4.03897,1.21118,0.46235,1.21118,2.24422
-4.03268,1.21873,0.46780,1.21873,2.25051
-4.02639,1.22635,0.47334,1.22635,2.25679
-4.02011,1.23403,0.47897,1.23403,2.26308
-4.01382,1.24177,0.48468,1.24177,2.26936
-4.00753,1.24957,0.49049,1.24957,2.27565
-4.00125,1.25743,0.49639,1.25743,2.28194
-3.99496,1.26535,0.50238,1.26535,2.28822
-3.98868,1.27334,0.50847,1.27334,2.29451
-3.98239,1.28139,0.51466,1.28139,2.30080
-3.97610,1.28951,0.52095,1.28951,2.30708
-3.96982,1.29770,0.52734,1.29770,2.31337
-3.96353,1.30595,0.53384,1.30595,2.31965
-3.95724,1.31426,0.54044,1.31426,2.32594
-3.95096,1.32265,0.54715,1.32265,2.33223
-3.94467,1.33110,0.55397,1.33110,2.33851
-3.93839,1.33962,0.56090,1.33962,2.34480
-3.93210,1.34821,0.56795,1.34821,2.35109
-3.92581,1.35688,0.57511,1.35688,2.35737
-3.91953,1.36561,0.58239,1.36561,2.36366
-3.91324,1.37441,0.58979,1.37441,2.36995
-3.90695,1.38329,0.59732,1.38329,2.37623
-3.90067,1.39224,0.60496,1.39224,2.38252
-3.89438,1.40127,0.61274,1.40127,2.38880
-3.88809,1.41037,0.62064,1.41037,2.39509
-3.88181,1.41955,0.62868,1.41955,2.40138
-3.87552,1.42880,0.63685,1.42880,2.40766
-3.86924,1.43813,0.64516,1.43813,2.41395
-3.86295,1.44754,0.65361,1.44754,2.42024
-3.85666,1.45702,0.66220,1.45702,2.42652
-3.85038,1.46659,0.67093,1.46659,2.43281
-3.84409,1.47623,0.67981,1.47623,2.43910
-3.83780,1.48596,0.68884,1.48596,2.44538
-3.83152,1.49577,0.69802,1.49577,2.45167
-3.82523,1.50566,0.70736,1.50566,2.45795
-3.81894,1.51563,0.71685,1.51563,2.46424
-3.81266,1.52569,0.72650,1.52569,2.47053
-3.80637,1.53583,0.73632,1.53583,2.47681
-3.80009,1.54606,0.74630,1.54606,2.48310
-3.79380,1.55637,0.75645,1.55637,2.48939
-3.78751,1.56677,0.76678,1.56677,2.49567
-3.78123,1.57726,0.77727,1.57726,2.50196
-3.77494,1.58783,0.78795,1.58783,2.50824
-3.76865,1.59850,0.79880,1.59850,2.51453
-3.76237,1.60925,0.80984,1.60925,2.52082
-3.75608,1.62010,0.82107,1.62010,2.52710
-3.74979,1.63103,0.83248,1.63103,2.53339
-3.74351,1.64206,0.84409,1.64206,2.53968
-3.73722,1.65318,0.85589,1.65318,2.54596
-3.73094,1.66440,0.86790,1.66440,2.55225
-3.72465,1.67570,0.88010,1.67570,2.55854
-3.71836,1.68711,0.89251,1.68711,2.56482
-3.71208,1.69860,0.90513,1.69860,2.57111
-3.70579,1.71020,0.91796,1.71020,2.57739
-3.69950,1.72189,0.93100,1.72189,2.58368
-3.69322,1.73367,0.94426,1.73367,2.58997
-3.68693,1.74556,0.95775,1.74556,2.59625
-3.68065,1.75754,0.97145,1.75754,2.60254
-3.67436,1.76963,0.98539,1.76963,2.60883
-3.66807,1.78181,0.99955,1.78181,2.61511
-3.66179,1.79409,1.01395,1.79409,2.62140
-3.65550,1.80648,1.02859,1.80648,2.62769
-3.64921,1.81896,1.04347,1.81896,2.63397
-3.64293,1.83155,1.05859,1.83155,2.64026
-3.63664,1.84424,1.07396,1.84424,2.64654
-3.63035,1.85703,1.08958,1.85703,2.65283
-3.62407,1.86993,1.10545,1.86993,2.65912
-3.61778,1.88292,1.12158,1.88292,2.66540
-3.61150,1.89603,1.13797,1.89603,2.67169
-3.60521,1.90924,1.15462,1.90924,2.67798
-3.59892,1.92255,1.17153,1.92255,2.68426
-3.59264,1.93597,1.18872,1.93597,2.69055
-3.58635,1.94949,1.20617,1.94949,2.69683
-3.58006,1.96312,1.22390,1.96312,2.70312
-3.57378,1.97685,1.24190,1.97685,2.70941
-3.56749,1.99069,1.26019,1.99069,2.71569
-3.56121,2.00464,1.27876,2.00464,2.72198
-3.55492,2.01870,1.29761,2.01870,2.72827
-3.54863,2.03286,1.31675,2.03286,2.73455
-3.54235,2.04712,1.33617,2.04712,2.74084
-3.53606,2.06150,1.35589,2.06150,2.74713
-3.52977,2.07598,1.37591,2.07598,2.75341
-3.52349,2.09056,1.39622,2.09056,2.75970
-3.51720,2.10526,1.41682,2.10526,2.76598
-3.51091,2.12006,1.43773,2.12006,2.77227
-3.50463,2.13496,1.45894,2.13496,2.77856
-3.49834,2.14998,1.48045,2.14998,2.78484
-3.49206,2.16509,1.50226,2.16509,2.79113
-3.48577,2.18032,1.52438,2.18032,2.79742
-3.47948,2.19564,1.54680,2.19564,2.80370
-3.47320,2.21108,1.56953,2.21108,2.80999
-3.46691,2.22661,1.59257,2.22661,2.81627
-3.46062,2.24225,1.61592,2.24225,2.82256
-3.45434,2.25800,1.63958,2.25800,2.82885
-3.44805,2.27384,1.66354,2.27384,2.83513
-3.44177,2.28979,1.68781,2.28979,2.84142
-3.43548,2.30584,1.71239,2.30584,2.84771
-3.42919,2.32199,1.73728,2.32199,2.85399
-3.42291,2.33823,1.76248,2.33823,2.86028
-3.41662,2.35458,1.78798,2.35458,2.86657
-3.41033,2.37102,1.81378,2.37102,2.87285
-3.40405,2.38756,1.83989,2.38756,2.87914
-3.39776,2.40419,1.86630,2.40419,2.88542
-3.39147,2.42092,1.89301,2.42092,2.89171
-3.38519,2.43774,1.92002,2.43774,2.89800
-3.37890,2.45466,1.94732,2.45466,2.90428
-3.37262,2.47166,1.97491,2.47166,2.91057
-3.36633,2.48875,2.00279,2.48875,2.91686
-3.36004,2.50593,2.03096,2.50593,2.92314
-3.35376,2.52319,2.05941,2.52319,2.92943
-3.34747,2.54054,2.08814,2.54054,2.93572
-3.34118,2.55797,2.11714,2.55797,2.94200
-3.33490,2.57549,2.14640,2.57549,2.94829
-3.32861,2.59308,2.17594,2.59308,2.95457
-3.32232,2.61074,2.20573,2.61074,2.96086
-3.31604,2.62849,2.23578,2.62849,2.96715
-3.30975,2.64630,2.26607,2.64630,2.97343
-3.30347,2.66419,2.29661,2.66419,2.97972
-3.29718,2.68214,2.32738,2.68214,2.98601
-3.29089,2.70017,2.35839,2.70017,2.99229
-3.28461,2.71826,2.38961,2.71826,2.99858
-3.27832,2.73641,2.42105,2.73641,3.00486
-3.27203,2.75461,2.45270,2.75461,3.01115
-3.26575,2.77288,2.48455,2.77288,3.01744
-3.25946,2.79121,2.51660,2.79121,3.02372
-3.25318,2.80958,2.54883,2.80958,3.03001
-3.24689,2.82801,2.58123,2.82801,3.03630
-3.24060,2.84648,2.61380,2.84648,3.04258
-3.23432,2.86500,2.64654,2.86500,3.04887
-3.22803,2.88356,2.67942,2.88356,3.05516
-3.22174,2.90216,2.71244,2.90216,3.06144
-3.21546,2.92080,2.74560,2.92080,3.06773
-3.20917,2.93947,2.77887,2.93947,3.07401
-3.20288,2.95818,2.81226,2.95818,3.08030
-3.19660,2.97691,2.84575,2.97691,3.08659
-3.19031,2.99567,2.87934,2.99567,3.09287
-3.18403,3.01445,2.91300,3.01445,3.09916
-3.17774,3.03325,2.94674,3.03325,3.10545
-3.17145,3.05207,2.98054,3.05207,3.11173
-3.16517,3.07090,3.01439,3.07090,3.11802
-3.15888,3.08974,3.04828,3.08974,3.12431
-3.15259,3.10859,3.08220,3.10859,3.13059
-3.14631,3.12745,3.11613,3.12745,3.13688
-3.14002,-3.13688,-3.13311,-3.13688,-3.14002
-3.13373,-3.11802,-3.09916,-3.11802,-3.13373
-3.12745,-3.09917,-3.06523,-3.09917,-3.12745
-3.12116,-3.08032,-3.03133,-3.08032,-3.12116
-3.11488,-3.06148,-2.99746,-3.06148,-3.11488
-3.10859,-3.04266,-2.96363,-3.04266,-3.10859
-3.10230,-3.02385,-2.92987,-3.02385,-3.10230
-3.09602,-3.00505,-2.89616,-3.00505,-3.09602
-3.08973,-2.98628,-2.86254,-2.98628,-3.08973
-3.08344,-2.96754,-2.82900,-2.96754,-3.08344
-3.07716,-2.94882,-2.79556,-2.94882,-3.07716
-3.07087,-2.93013,-2.76222,-2.93013,-3.07087
-3.06459,-2.91148,-2.72900,-2.91148,-3.06459
-3.05830,-2.89286,-2.69592,-2.89286,-3.05830
-3.05201,-2.87428,-2.66296,-2.87428,-3.05201
-3.04573,-2.85574,-2.63015,-2.85574,-3.04573
-3.03944,-2.83724,-2.59750,-2.83724,-3.03944
-3.03315,-2.81879,-2.56501,-2.81879,-3.03315
-3.02687,-2.80039,-2.53269,-2.80039,-3.02687
-3.02058,-2.78204,-2.50055,-2.78204,-3.02058
-3.01429,-2.76374,-2.46860,-2.76374,-3.01429
-3.00801,-2.74550,-2.43685,-2.74550,-3.00801
-3.00172,-2.72732,-2.40531,-2.72732,-3.00172
-2.99544,-2.70920,-2.37397,-2.70920,-2.99544
-2.98915,-2.69115,-2.34286,-2.69115,-2.98915
-2.98286,-2.67316,-2.31197,-2.67316,-2.98286
-2.97658,-2.65524,-2.28131,-2.65524,-2.97658
-2.97029,-2.63739,-2.25089,-2.63739,-2.97029
-2.96400,-2.61961,-2.22072,-2.61961,-2.96400
-2.95772,-2.60190,-2.19080,-2.60190,-2.95772
-2.95143,-2.58427,-2.16114,-2.58427,-2.95143
-2.94515,-2.56672,-2.13174,-2.56672,-2.94515
-2.93886,-2.54925,-2.10260,-2.54925,-2.93886
-2.93257,-2.53186,-2.07374,-2.53186,-2.93257
-2.92629,-2.51455,-2.04515,-2.51455,-2.92629
-2.92000,-2.49733,-2.01684,-2.49733,-2.92000
-2.91371,-2.48020,-1.98882,-2.48020,-2.91371
-2.90743,-2.46315,-1.96108,-2.46315,-2.90743
-2.90114,-2.44619,-1.93363,-2.44619,-2.90114
-2.89485,-2.42932,-1.90648,-2.42932,-2.89485
-2.88857,-2.41255,-1.87962,-2.41255,-2.88857
-2.88228,-2.39587,-1.85306,-2.39587,-2.88228
-2.87600,-2.37928,-1.82680,-2.37928,-2.87600
-2.86971,-2.36279,-1.80084,-2.36279,-2.86971
-2.86342,-2.34639,-1.77519,-2.34639,-2.86342
-2.85714,-2.33010,-1.74984,-2.33010,-2.85714
-2.85085,-2.31390,-1.72480,-2.31390,-2.85085
-2.84456,-2.29780,-1.70007,-2.29780,-2.84456
-2.83828,-2.28180,-1.67564,-2.28180,-2.83828
-2.83199,-2.26591,-1.65152,-2.26591,-2.83199
-2.82570,-2.25011,-1.62771,-2.25011,-2.82570
-2.81942,-2.23442,-1.60421,-2.23442,-2.81942
-2.81313,-2.21883,-1.58102,-2.21883,-2.81313
-2.80685,-2.20335,-1.55813,-2.20335,-2.80685
-2.80056,-2.18797,-1.53555,-2.18797,-2.80056
-2.79427,-2.17269,-1.51328,-2.17269,-2.79427
-2.78799,-2.15752,-1.49132,-2.15752,-2.78799
-2.78170,-2.14246,-1.46965,-2.14246,-2.78170
-2.77541,-2.12750,-1.44830,-2.12750,-2.77541
-2.76913,-2.11264,-1.42724,-2.11264,-2.76913
-2.76284,-2.09790,-1.40648,-2.09790,-2.76284
-2.75655,-2.08326,-1.38602,-2.08326,-2.75655
-2.75027,-2.06872,-1.36587,-2.06872,-2.75027
-2.74398,-2.05430,-1.34600,-2.05430,-2.74398
-2.73770,-2.03998,-1.32643,-2.03998,-2.73770
-2.73141,-2.02576,-1.30714,-2.02576,-2.73141
-2.72512,-2.01166,-1.28815,-2.01166,-2.72512
-2.71884,-1.99766,-1.26944,-1.99766,-2.71884
-2.71255,-1.98376,-1.25101,-1.98376,-2.71255
-2.70626,-1.96997,-1.23287,-1.96997,-2.70626
-2.69998,-1.95629,-1.21500,-1.95629,-2.69998
-2.69369,-1.94271,-1.19741,-1.94271,-2.69369
-2.68741,-1.92924,-1.18009,-1.92924,-2.68741
-2.68112,-1.91588,-1.16304,-1.91588,-2.68112
-2.67483,-1.90262,-1.14626,-1.90262,-2.67483
-2.66855,-1.88946,-1.12974,-1.88946,-2.66855
-2.66226,-1.87641,-1.11348,-1.87641,-2.66226
-2.65597,-1.86347,-1.09748,-1.86347,-2.65597
-2.64969,-1.85062,-1.08174,-1.85062,-2.64969
-2.64340,-1.83788,-1.06625,-1.83788,-2.64340
-2.63712,-1.82524,-1.05100,-1.82524,-2.63712
-2.63083,-1.81271,-1.03600,-1.81271,-2.63083
-2.62454,-1.80027,-1.02124,-1.80027,-2.62454
-2.61826,-1.78794,-1.00673,-1.78794,-2.61826
-2.61197,-1.77571,-0.99244,-1.77571,-2.61197
-2.60568,-1.76357,-0.97839,-1.76357,-2.60568
-2.59940,-1.75154,-0.96457,-1.75154,-2.59940
-2.59311,-1.73961,-0.95098,-1.73961,-2.59311
-2.58682,-1.72777,-0.93760,-1.72777,-2.58682
-2.58054,-1.71603,-0.92445,-1.71603,-2.58054
-2.57425,-1.70439,-0.91152,-1.70439,-2.57425
-2.56797,-1.69284,-0.89879,-1.69284,-2.56797
-2.56168,-1.68139,-0.88628,-1.68139,-2.56168
-2.55539,-1.67004,-0.87397,-1.67004,-2.55539
-2.54911,-1.65878,-0.86187,-1.65878,-2.54911
-2.54282,-1.64761,-0.84997,-1.64761,-2.54282
-2.53653,-1.63654,-0.83826,-1.63654,-2.53653
-2.53025,-1.62555,-0.82675,-1.62556,-2.53025
-2.52396,-1.61466,-0.81543,-1.61466,-2.52396
-2.51767,-1.60386,-0.80430,-1.60387,-2.51767
-2.51139,-1.59316,-0.79335,-1.59316,-2.51139
-2.50510,-1.58253,-0.78259,-1.58253,-2.50510
-2.49882,-1.57200,-0.77200,-1.57200,-2.49882
-2.49253,-1.56156,-0.76159,-1.56156,-2.49253
-2.48624,-1.55120,-0.75136,-1.55120,-2.48624
-2.47996,-1.54093,-0.74129,-1.54093,-2.47996
-2.47367,-1.53075,-0.73139,-1.53075,-2.47367
-2.46738,-1.52065,-0.72166,-1.52065,-2.46738
-2.46110,-1.51064,-0.71208,-1.51064,-2.46110
-2.45481,-1.50070,-0.70267,-1.50070,-2.45481
-2.44853,-1.49085,-0.69341,-1.49085,-2.44853
-2.44224,-1.48109,-0.68430,-1.48109,-2.44224
-2.43595,-1.47140,-0.67535,-1.47140,-2.43595
-2.42967,-1.46180,-0.66654,-1.46180,-2.42967
-2.42338,-1.45227,-0.65788,-1.45227,-2.42338
-2.41709,-1.44282,-0.64937,-1.44282,-2.41709
-2.41081,-1.43346,-0.64099,-1.43346,-2.41081
-2.40452,-1.42416,-0.63275,-1.42416,-2.40452
-2.39823,-1.41495,-0.62465,-1.41495,-2.39823
-2.39195,-1.40581,-0.61667,-1.40581,-2.39195
-2.38566,-1.39675,-0.60884,-1.39675,-2.38566
-2.37938,-1.38776,-0.60112,-1.38776,-2.37938
-2.37309,-1.37884,-0.59354,-1.37884,-2.37309
-2.36680,-1.37000,-0.58608,-1.37000,-2.36680
-2.36052,-1.36123,-0.57874,-1.36123,-2.36052
-2.35423,-1.35254,-0.57152,-1.35254,-2.35423
-2.34794,-1.34391,-0.56441,-1.34391,-2.34794
-2.34166,-1.33535,-0.55742,-1.33535,-2.34166
-2.33537,-1.32687,-0.55055,-1.32687,-2.33537
-2.32908,-1.31845,-0.54378,-1.31845,-2.32908
-2.32280,-1.31010,-0.53713,-1.31010,-2.32280
-2.31651,-1.30181,-0.53058,-1.30181,-2.31651
-2.31023,-1.29360,-0.52414,-1.29360,-2.31023
-2.30394,-1.28545,-0.51780,-1.28545,-2.30394
-2.29765,-1.27736,-0.51156,-1.27736,-2.29765
-2.29137,-1.26934,-0.50542,-1.26934,-2.29137
-2.28508,-1.26138,-0.49937,-1.26138,-2.28508
-2.27879,-1.25349,-0.49343,-1.25349,-2.27879
-2.27251,-1.24566,-0.48757,-1.24566,-2.27251
-2.26622,-1.23789,-0.48181,-1.23789,-2.26622
-2.25993,-1.23018,-0.47614,-1.23018,-2.25993
-2.25365,-1.22254,-0.47056,-1.22254,-2.25365
-2.24736,-1.21495,-0.46507,-1.21495,-2.24736
-2.24108,-1.20742,-0.45966,-1.20742,-2.24108
-2.23479,-1.19995,-0.45433,-1.19995,-2.23479
-2.22850,-1.19254,-0.44909,-1.19254,-2.22850
-2.22222,-1.18519,-0.44393,-1.18519,-2.22222
-2.21593,-1.17789,-0.43885,-1.17789,-2.21593
-2.20964,-1.17065,-0.43385,-1.17065,-2.20964
-2.20336,-1.16347,-0.42892,-1.16347,-2.20336
-2.19707,-1.15634,-0.42407,-1.15634,-2.19707
-2.19079,-1.14926,-0.41929,-1.14926,-2.19079
-2.18450,-1.14224,-0.41459,-1.14224,-2.18450
-2.17821,-1.13527,-0.40995,-1.13527,-2.17821
-2.17193,-1.12836,-0.40539,-1.12836,-2.17193
-2.16564,-1.12150,-0.40090,-1.12150,-2.16564
-2.15935,-1.11469,-0.39647,-1.11469,-2.15935
-2.15307,-1.10793,-0.39211,-1.10793,-2.15307
-2.14678,-1.10122,-0.38781,-1.10122,-2.14678
-2.14049,-1.09456,-0.38358,-1.09456,-2.14049
-2.13421,-1.08795,-0.37941,-1.08795,-2.13421
-2.12792,-1.08139,-0.37530,-1.08139,-2.12792
-2.12164,-1.07487,-0.37125,-1.07487,-2.12164
-2.11535,-1.06841,-0.36726,-1.06841,-2.11535
-2.10906,-1.06199,-0.36333,-1.06199,-2.10906
-2.10278,-1.05562,-0.35946,-1.05562,-2.10278
-2.09649,-1.04930,-0.35564,-1.04930,-2.09649
-2.09020,-1.04302,-0.35187,-1.04302,-2.09020
-2.08392,-1.03678,-0.34817,-1.03678,-2.08392
-2.07763,-1.03059,-0.34451,-1.03060,-2.07763
-2.07135,-1.02445,-0.34091,-1.02445,-2.07135
-2.06506,-1.01835,-0.33736,-1.01835,-2.06506
-2.05877,-1.01229,-0.33385,-1.01229,-2.05877
-2.05249,-1.00628,-0.33040,-1.00628,-2.05249
-2.04620,-1.00031,-0.32700,-1.00031,-2.04620
-2.03991,-0.99438,-0.32364,-0.99438,-2.03991
-2.03363,-0.98849,-0.32033,-0.98849,-2.03363
-2.02734,-0.98264,-0.31707,-0.98264,-2.02734
-2.02105,-0.97684,-0.31385,-0.97684,-2.02105
-2.01477,-0.97107,-0.31068,-0.97107,-2.01477
-2.00848,-0.96534,-0.30755,-0.96534,-2.00848
-2.00220,-0.95965,-0.30446,-0.95965,-2.00220
-1.99591,-0.95401,-0.30141,-0.95401,-1.99591
-1.98962,-0.94840,-0.29841,-0.94840,-1.98962
-1.98334,-0.94283,-0.29545,-0.94283,-1.98334
-1.97705,-0.93729,-0.29252,-0.93729,-1.97705
-1.97076,-0.93179,-0.28964,-0.93179,-1.97076
-1.96448,-0.92633,-0.28680,-0.92634,-1.96448
-1.95819,-0.92091,-0.28399,-0.92091,-1.95819
-1.95191,-0.91552,-0.28122,-0.91552,-1.95191
-1.94562,-0.91017,-0.27848,-0.91017,-1.94562
-1.93933,-0.90485,-0.27579,-0.90486,-1.93933
-1.93305,-0.89957,-0.27312,-0.89957,-1.93305
-1.92676,-0.89433,-0.27050,-0.89433,-1.92676
-1.92047,-0.88911,-0.26790,-0.88911,-1.92047
-1.91419,-0.88393,-0.26534,-0.88394,-1.91419
-1.90790,-0.87879,-0.26282,-0.87879,-1.90790
-1.90161,-0.87368,-0.26032,-0.87368,-1.90162
-1.89533,-0.86860,-0.25786,-0.86860,-1.89533
-1.88904,-0.86355,-0.25543,-0.86355,-1.88904
-1.88276,-0.85853,-0.25303,-0.85853,-1.88276
-1.87647,-0.85355,-0.25066,-0.85355,-1.87647
-1.87018,-0.84860,-0.24831,-0.84860,-1.87018
-1.86390,-0.84368,-0.24600,-0.84368,-1.86390
-1.85761,-0.83879,-0.24372,-0.83879,-1.85761
-1.85132,-0.83393,-0.24147,-0.83393,-1.85132
-1.84504,-0.82910,-0.23924,-0.82910,-1.84504
-1.83875,-0.82430,-0.23704,-0.82430,-1.83875
-1.83246,-0.81953,-0.23487,-0.81953,-1.83247
-1.82618,-0.81478,-0.23272,-0.81478,-1.82618
-1.81989,-0.81007,-0.23060,-0.81007,-1.81989
-1.81361,-0.80539,-0.22851,-0.80539,-1.81361
-1.80732,-0.80073,-0.22644,-0.80073,-1.80732
-1.80103,-0.79610,-0.22439,-0.79610,-1.80103
-1.79475,-0.79150,-0.22237,-0.79150,-1.79475
-1.78846,-0.78693,-0.22038,-0.78693,-1.78846
-1.78217,-0.78238,-0.21841,-0.78238,-1.78217
-1.77589,-0.77786,-0.21646,-0.77786,-1.77589
-1.76960,-0.77337,-0.21453,-0.77337,-1.76960
-1.76332,-0.76891,-0.21263,-0.76891,-1.76332
-1.75703,-0.76447,-0.21074,-0.76447,-1.75703
-1.75074,-0.76005,-0.20888,-0.76005,-1.75074
-1.74446,-0.75566,-0.20704,-0.75566,-1.74446
-1.73817,-0.75130,-0.20523,-0.75130,-1.73817
-1.73188,-0.74696,-0.20343,-0.74696,-1.73188
-1.72560,-0.74264,-0.20165,-0.74264,-1.72560
-1.71931,-0.73835,-0.19990,-0.73835,-1.71931
-1.71302,-0.73409,-0.19816,-0.73409,-1.71302
-1.70674,-0.72984,-0.19644,-0.72984,-1.70674
-1.70045,-0.72562,-0.19474,-0.72562,-1.70045
-1.69417,-0.72143,-0.19306,-0.72143,-1.69417
-1.68788,-0.71726,-0.19140,-0.71726,-1.68788
-1.68159,-0.71311,-0.18976,-0.71311,-1.68159
-1.67531,-0.70898,-0.18813,-0.70898,-1.67531
-1.66902,-0.70488,-0.18653,-0.70488,-1.66902
-1.66273,-0.70080,-0.18493,-0.70080,-1.66273
-1.65645,-0.69674,-0.18336,-0.69674,-1.65645
-1.65016,-0.69270,-0.18181,-0.69270,-1.65016
-1.64388,-0.68868,-0.18027,-0.68868,-1.64388
-1.63759,-0.68469,-0.17874,-0.68469,-1.63759
-1.63130,-0.68071,-0.17723,-0.68071,-1.63130
-1.62502,-0.67676,-0.17574,-0.67676,-1.62502
-1.61873,-0.67283,-0.17427,-0.67283,-1.61873
-1.61244,-0.66892,-0.17281,-0.66892,-1.61244
-1.60616,-0.66502,-0.17136,-0.66502,-1.60616
-1.59987,-0.66115,-0.16993,-0.66115,-1.59987
-1.59358,-0.65730,-0.16851,-0.65730,-1.59358
-1.58730,-0.65347,-0.16711,-0.65347,-1.58730
-1.58101,-0.64966,-0.16573,-0.64966,-1.58101
-1.57473,-0.64586,-0.16435,-0.64586,-1.57473
-1.56844,-0.64209,-0.16299,-0.64209,-1.56844
-1.56215,-0.63833,-0.16165,-0.63833,-1.56215
-1.55587,-0.63460,-0.16031,-0.63460,-1.55587
-1.54958,-0.63088,-0.15899,-0.63088,-1.54958
-1.54329,-0.62718,-0.15769,-0.62718,-1.54329
-1.53701,-0.62350,-0.15639,-0.62350,-1.53701
-1.53072,-0.61983,-0.15511,-0.61983,-1.53072
-1.52443,-0.61619,-0.15385,-0.61619,-1.52443
-1.51815,-0.61256,-0.15259,-0.61256,-1.51815
-1.51186,-0.60895,-0.15134,-0.60895,-1.51186
-1.50558,-0.60536,-0.15011,-0.60536,-1.50558
-1.49929,-0.60178,-0.14889,-0.60178,-1.49929
-1.49300,-0.59822,-0.14768,-0.59822,-1.49300
-1.48672,-0.59468,-0.14648,-0.59468,-1.48672
-1.48043,-0.59115,-0.14530,-0.59115,-1.48043
-1.47414,-0.58764,-0.14412,-0.58764,-1.47414
-1.46786,-0.58415,-0.14296,-0.58415,-1.46786
-1.46157,-0.58067,-0.14180,-0.58067,-1.46157
-1.45529,-0.57721,-0.14066,-0.57721,-1.45528
-1.44900,-0.57376,-0.13953,-0.57376,-1.44900
-1.44271,-0.57033,-0.13840,-0.57033,-1.44271
-1.43643,-0.56692,-0.13729,-0.56692,-1.43643
-1.43014,-0.56352,-0.13619,-0.56352,-1.43014
-1.42385,-0.56014,-0.13509,-0.56014,-1.42385
-1.41757,-0.55677,-0.13401,-0.55677,-1.41757
-1.41128,-0.55341,-0.13294,-0.55341,-1.41128
-1.40499,-0.55007,-0.13187,-0.55007,-1.40499
-1.39871,-0.54675,-0.13082,-0.54675,-1.39871
-1.39242,-0.54344,-0.12977,-0.54344,-1.39242
-1.38614,-0.54014,-0.12874,-0.54014,-1.38614
-1.37985,-0.53686,-0.12771,-0.53686,-1.37985
-1.37356,-0.53359,-0.12669,-0.53359,-1.37356
-1.36728,-0.53034,-0.12568,-0.53034,-1.36728
-1.36099,-0.52710,-0.12468,-0.52710,-1.36099
-1.35470,-0.52387,-0.12368,-0.52387,-1.35470
-1.34842,-0.52066,-0.12270,-0.52066,-1.34842
-1.34213,-0.51746,-0.12172,-0.51746,-1.34213
-1.33584,-0.51428,-0.12075,-0.51428,-1.33584
-1.32956,-0.51110,-0.11979,-0.51110,-1.32956
-1.32327,-0.50794,-0.11884,-0.50794,-1.32327
-1.31699,-0.50480,-0.11789,-0.50480,-1.31699
-1.31070,-0.50166,-0.11695,-0.50166,-1.31070
-1.30441,-0.49854,-0.11602,-0.49854,-1.30441
-1.29813,-0.49543,-0.11510,-0.49543,-1.29813
-1.29184,-0.49233,-0.11419,-0.49233,-1.29184
-1.28555,-0.48925,-0.11328,-0.48925,-1.28555
-1.27927,-0.48618,-0.11238,-0.48618,-1.27927
-1.27298,-0.48311,-0.11148,-0.48311,-1.27298
-1.26670,-0.48007,-0.11060,-0.48007,-1.26669
-1.26041,-0.47703,-0.10972,-0.47703,-1.26042
-1.25412,-0.47400,-0.10884,-0.47401,-1.25413
-1.24784,-0.47099,-0.10797,-0.47099,-1.24784
-1.24155,-0.46799,-0.10711,-0.46799,-1.24156
-1.23526,-0.46500,-0.10626,-0.46500,-1.23527
-1.22898,-0.46202,-0.10541,-0.46202,-1.22898
-1.22269,-0.45905,-0.10457,-0.45905,-1.22270
-1.21640,-0.45609,-0.10374,-0.45609,-1.21641
-1.21012,-0.45314,-0.10291,-0.45315,-1.21012
-1.20383,-0.45021,-0.10209,-0.45021,-1.20384
-1.19755,-0.44728,-0.10127,-0.44728,-1.19755
-1.19126,-0.44437,-0.10046,-0.44437,-1.19126
-1.18497,-0.44146,-0.09965,-0.44146,-1.18498
-1.17869,-0.43857,-0.09885,-0.43857,-1.17869
-1.17240,-0.43569,-0.09806,-0.43569,-1.17240
-1.16611,-0.43281,-0.09727,-0.43281,-1.16612
-1.15983,-0.42995,-0.09649,-0.42995,-1.15983
-1.15354,-0.42710,-0.09571,-0.42710,-1.15354
-1.14725,-0.42425,-0.09494,-0.42425,-1.14726
-1.14097,-0.42142,-0.09417,-0.42142,-1.14097
-1.13468,-0.41859,-0.09341,-0.41860,-1.13468
-1.12840,-0.41578,-0.09266,-0.41578,-1.12840
-1.12211,-0.41298,-0.09191,-0.41298,-1.12211
-1.11582,-0.41018,-0.09116,-0.41018,-1.11582
-1.10954,-0.40739,-0.09042,-0.40739,-1.10954
-1.10325,-0.40462,-0.08968,-0.40462,-1.10325
-1.09696,-0.40185,-0.08895,-0.40185,-1.09697
-1.09068,-0.39909,-0.08823,-0.39909,-1.09068
-1.08439,-0.39634,-0.08750,-0.39634,-1.08439
-1.07811,-0.39360,-0.08679,-0.39360,-1.07811
-1.07182,-0.39087,-0.08608,-0.39087,-1.07182
-1.06553,-0.38815,-0.08537,-0.38815,-1.06553
-1.05925,-0.38543,-0.08466,-0.38543,-1.05925
-1.05296,-0.38272,-0.08397,-0.38272,-1.05296
-1.04667,-0.38003,-0.08327,-0.38003,-1.04667
-1.04039,-0.37734,-0.08258,-0.37734,-1.04039
-1.03410,-0.37466,-0.08189,-0.37466,-1.03410
-1.02781,-0.37198,-0.08121,-0.37198,-1.02782
-1.02153,-0.36932,-0.08053,-0.36932,-1.02153
-1.01524,-0.36666,-0.07986,-0.36666,-1.01524
-1.00896,-0.36401,-0.07919,-0.36401,-1.00896
-1.00267,-0.36137,-0.07853,-0.36137,-1.00267
-0.99638,-0.35874,-0.07786,-0.35874,-0.99638
-0.99010,-0.35611,-0.07721,-0.35611,-0.99010
-0.98381,-0.35350,-0.07655,-0.35350,-0.98381
-0.97752,-0.35089,-0.07590,-0.35089,-0.97752
-0.97124,-0.34829,-0.07526,-0.34829,-0.97124
-0.96495,-0.34569,-0.07461,-0.34569,-0.96495
-0.95866,-0.34310,-0.07397,-0.34310,-0.95866
-0.95238,-0.34052,-0.07334,-0.34052,-0.95238
-0.94609,-0.33795,-0.07271,-0.33795,-0.94609
-0.93981,-0.33538,-0.07208,-0.33538,-0.93981
-0.93352,-0.33282,-0.07145,-0.33282,-0.93352
-0.92723,-0.33027,-0.07083,-0.33027,-0.92723
-0.92095,-0.32773,-0.07021,-0.32773,-0.92095
-0.91466,-0.32519,-0.06960,-0.32519,-0.91466
-0.90837,-0.32266,-0.06899,-0.32266,-0.90837
-0.90209,-0.32013,-0.06838,-0.32013,-0.90209
-0.89580,-0.31762,-0.06777,-0.31762,-0.89580
-0.88952,-0.31510,-0.06717,-0.31510,-0.88952
-0.88323,-0.31260,-0.06657,-0.31260,-0.88323
-0.87694,-0.31010,-0.06598,-0.31010,-0.87694
-0.87066,-0.30761,-0.06538,-0.30761,-0.87066
-0.86437,-0.30512,-0.06479,-0.30512,-0.86437
-0.85808,-0.30264,-0.06421,-0.30264,-0.85808
-0.85180,-0.30017,-0.06362,-0.30017,-0.85180
-0.84551,-0.29770,-0.06304,-0.29770,-0.84551
-0.83922,-0.29524,-0.06246,-0.29524,-0.83922
-0.83294,-0.29279,-0.06189,-0.29279,-0.83294
-0.82665,-0.29034,-0.06132,-0.29034,-0.82665
-0.82037,-0.28789,-0.06075,-0.28789,-0.82037
-0.81408,-0.28546,-0.06018,-0.28546,-0.81408
-0.80779,-0.28302,-0.05962,-0.28302,-0.80779
-0.80151,-0.28060,-0.05905,-0.28060,-0.80151
-0.79522,-0.27818,-0.05849,-0.27818,-0.79522
-0.78893,-0.27576,-0.05794,-0.27576,-0.78893
-0.78265,-0.27335,-0.05738,-0.27335,-0.78265
-0.77636,-0.27095,-0.05683,-0.27095,-0.77636
-0.77008,-0.26855,-0.05628,-0.26855,-0.77008
-0.76379,-0.26616,-0.05574,-0.26616,-0.76379
-0.75750,-0.26377,-0.05519,-0.26377,-0.75750
-0.75122,-0.26139,-0.05465,-0.26139,-0.75122
-0.74493,-0.25901,-0.05411,-0.25901,-0.74493
-0.73864,-0.25664,-0.05357,-0.25664,-0.73864
-0.73236,-0.25427,-0.05304,-0.25427,-0.73236
-0.72607,-0.25191,-0.05251,-0.25191,-0.72607
-0.71978,-0.24955,-0.05198,-0.24955,-0.71978
-0.71350,-0.24720,-0.05145,-0.24720,-0.71350
-0.70721,-0.24485,-0.05092,-0.24485,-0.70721
-0.70093,-0.24251,-0.05040,-0.24251,-0.70093
-0.69464,-0.24017,-0.04988,-0.24017,-0.69464
-0.68835,-0.23783,-0.04936,-0.23783,-0.68835
-0.68207,-0.23551,-0.04884,-0.23551,-0.68207
-0.67578,-0.23318,-0.04832,-0.23318,-0.67578
-0.66949,-0.23086,-0.04781,-0.23086,-0.66949
-0.66321,-0.22855,-0.04730,-0.22855,-0.66321
-0.65692,-0.22623,-0.04679,-0.22623,-0.65692
-0.65064,-0.22393,-0.04628,-0.22393,-0.65064
-0.64435,-0.22162,-0.04577,-0.22162,-0.64435
-0.63806,-0.21933,-0.04527,-0.21933,-0.63806
-0.63178,-0.21703,-0.04477,-0.21703,-0.63178
-0.62549,-0.21474,-0.04427,-0.21474,-0.62549
-0.61920,-0.21246,-0.04377,-0.21246,-0.61920
-0.61292,-0.21017,-0.04327,-0.21017,-0.61292
-0.60663,-0.20790,-0.04277,-0.20790,-0.60663
-0.60034,-0.20562,-0.04228,-0.20562,-0.60034
-0.59406,-0.20335,-0.04179,-0.20335,-0.59406
-0.58777,-0.20109,-0.04130,-0.20109,-0.58777
-0.58149,-0.19882,-0.04081,-0.19882,-0.58149
-0.57520,-0.19656,-0.04032,-0.19656,-0.57520
-0.56891,-0.19431,-0.03984,-0.19431,-0.56891
-0.56263,-0.19206,-0.03935,-0.19206,-0.56263
-0.55634,-0.18981,-0.03887,-0.18981,-0.55634
-0.55005,-0.18757,-0.03839,-0.18757,-0.55005
-0.54377,-0.18533,-0.03791,-0.18533,-0.54377
-0.53748,-0.18309,-0.03743,-0.18309,-0.53749
-0.53119,-0.18085,-0.03696,-0.18086,-0.53121
-0.52491,-0.17862,-0.03648,-0.17863,-0.52492
-0.51862,-0.17640,-0.03601,-0.17640,-0.51863
-0.51234,-0.17417,-0.03554,-0.17418,-0.51234
-0.50605,-0.17195,-0.03507,-0.17196,-0.50606
-0.49976,-0.16974,-0.03460,-0.16974,-0.49977
-0.49348,-0.16752,-0.03413,-0.16752,-0.49348
-0.48719,-0.16531,-0.03366,-0.16531,-0.48720
-0.48090,-0.16310,-0.03320,-0.16310,-0.48091
-0.47462,-0.16090,-0.03273,-0.16090,-0.47462
-0.46833,-0.15869,-0.03227,-0.15870,-0.46834
-0.46205,-0.15649,-0.03181,-0.15650,-0.46205
-0.45576,-0.15430,-0.03135,-0.15430,-0.45576
-0.44947,-0.15210,-0.03089,-0.15211,-0.44948
-0.44319,-0.14991,-0.03043,-0.14991,-0.44319
-0.43690,-0.14773,-0.02997,-0.14773,-0.43690
-0.43061,-0.14554,-0.02952,-0.14554,-0.43062
-0.42433,-0.14336,-0.02906,-0.14336,-0.42433
-0.41804,-0.14118,-0.02861,-0.14118,-0.41804
-0.41175,-0.13900,-0.02816,-0.13900,-0.41176
-0.40547,-0.13682,-0.02771,-0.13683,-0.40547
-0.39918,-0.13465,-0.02726,-0.13465,-0.39918
-0.39290,-0.13248,-0.02681,-0.13248,-0.39290
-0.38661,-0.13031,-0.02636,-0.13031,-0.38661
-0.38032,-0.12815,-0.02591,-0.12815,-0.38032
-0.37404,-0.12599,-0.02546,-0.12599,-0.37404
-0.36775,-0.12383,-0.02502,-0.12383,-0.36775
-0.36146,-0.12167,-0.02457,-0.12167,-0.36146
-0.35518,-0.11951,-0.02413,-0.11951,-0.35518
-0.34889,-0.11736,-0.02369,-0.11736,-0.34889
-0.34261,-0.11520,-0.02324,-0.11520,-0.34261
-0.33632,-0.11305,-0.02280,-0.11305,-0.33632
-0.33003,-0.11091,-0.02236,-0.11091,-0.33003
-0.32375,-0.10876,-0.02192,-0.10876,-0.32375
-0.31746,-0.10662,-0.02148,-0.10662,-0.31746
-0.31117,-0.10447,-0.02105,-0.10447,-0.31117
-0.30489,-0.10233,-0.02061,-0.10233,-0.30489
-0.29860,-0.10020,-0.02017,-0.10020,-0.29860
-0.29231,-0.09806,-0.01974,-0.09806,-0.29231
-0.28603,-0.09592,-0.01930,-0.09592,-0.28603
-0.27974,-0.09379,-0.01887,-0.09379,-0.27974
-0.27346,-0.09166,-0.01843,-0.09166,-0.27346
-0.26717,-0.08953,-0.01800,-0.08953,-0.26717
-0.26088,-0.08740,-0.01757,-0.08740,-0.26088
-0.25460,-0.08528,-0.01714,-0.08528,-0.25460
-0.24831,-0.08315,-0.01671,-0.08315,-0.24831
-0.24202,-0.08103,-0.01628,-0.08103,-0.24202
-0.23574,-0.07890,-0.01585,-0.07890,-0.23574
-0.22945,-0.07678,-0.01542,-0.07678,-0.22945
-0.22316,-0.07466,-0.01499,-0.07466,-0.22316
-0.21688,-0.07255,-0.01456,-0.07255,-0.21688
-0.21059,-0.07043,-0.01413,-0.07043,-0.21059
-0.20431,-0.06831,-0.01371,-0.06831,-0.20431
-0.19802,-0.06620,-0.01328,-0.06620,-0.19802
-0.19173,-0.06409,-0.01285,-0.06409,-0.19173
-0.18545,-0.06197,-0.01243,-0.06197,-0.18545
-0.17916,-0.05986,-0.01200,-0.05986,-0.17916
-0.17287,-0.05775,-0.01158,-0.05775,-0.17287
-0.16659,-0.05564,-0.01115,-0.05564,-0.16659
-0.16030,-0.05354,-0.01073,-0.05354,-0.16030
-0.15402,-0.05143,-0.01030,-0.05143,-0.15402
-0.14773,-0.04932,-0.00988,-0.04932,-0.14773
-0.14144,-0.04722,-0.00946,-0.04722,-0.14144
-0.13516,-0.04511,-0.00903,-0.04511,-0.13516
-0.12887,-0.04301,-0.00861,-0.04301,-0.12887
-0.12258,-0.04091,-0.00819,-0.04091,-0.12258
-0.11630,-0.03880,-0.00777,-0.03880,-0.11630
-0.11001,-0.03670,-0.00735,-0.03670,-0.11001
-0.10372,-0.03460,-0.00693,-0.03460,-0.10372
-0.09744,-0.03250,-0.00651,-0.03250,-0.09744
-0.09115,-0.03040,-0.00608,-0.03040,-0.09115
-0.08487,-0.02830,-0.00566,-0.02830,-0.08487
-0.07858,-0.02620,-0.00524,-0.02620,-0.07858
-0.07229,-0.02411,-0.00482,-0.02411,-0.07229
-0.06601,-0.02201,-0.00440,-0.02201,-0.06601
-0.05972,-0.01991,-0.00398,-0.01992,-0.05973
-0.05343,-0.01782,-0.00356,-0.01782,-0.05344
-0.04715,-0.01572,-0.00314,-0.01572,-0.04715
-0.04086,-0.01362,-0.00272,-0.01362,-0.04087
-0.03457,-0.01153,-0.00231,-0.01153,-0.03458
-0.02829,-0.00943,-0.00189,-0.00943,-0.02829
-0.02200,-0.00733,-0.00147,-0.00733,-0.02200
-0.01572,-0.00524,-0.00105,-0.00524,-0.01572
-0.00943,-0.00314,-0.00063,-0.00314,-0.00943
-0.00314,-0.00105,-0.00021,-0.00105,-0.00314
0.00314,0.00105,0.00021,0.00105,0.00314
0.00943,0.00314,0.00063,0.00314,0.00943
0.01572,0.00524,0.00105,0.00524,0.01572
0.02200,0.00733,0.00147,0.00733,0.02200
0.02829,0.00943,0.00189,0.00943,0.02829
0.03457,0.01153,0.00231,0.01153,0.03458
0.04086,0.01362,0.00272,0.01362,0.04087
0.04715,0.01572,0.00314,0.01572,0.04715
0.05343,0.01782,0.00356,0.01782,0.05344
0.05972,0.01991,0.00398,0.01992,0.05973
0.06601,0.02201,0.00440,0.02201,0.06601
0.07229,0.02411,0.00482,0.02411,0.07229
0.07858,0.02620,0.00524,0.02620,0.07858
0.08487,0.02830,0.00566,0.02830,0.08487
0.09115,0.03040,0.00608,0.03040,0.09115
0.09744,0.03250,0.00651,0.03250,0.09744
0.10372,0.03460,0.00693,0.03460,0.10372
0.11001,0.03670,0.00735,0.03670,0.11001
0.11630,0.03880,0.00777,0.03880,0.11630
0.12258,0.04091,0.00819,0.04091,0.12258
0.12887,0.04301,0.00861,0.04301,0.12887
0.13516,0.04511,0.00903,0.04511,0.13516
0.14144,0.04722,0.00946,0.04722,0.14144
0.14773,0.04932,0.00988,0.04932,0.14773
0.15402,0.05143,0.01030,0.05143,0.15402
0.16030,0.05354,0.01073,0.05354,0.16030
0.16659,0.05564,0.01115,0.05564,0.16659
0.17287,0.05775,0.01158,0.05775,0.17287
0.17916,0.05986,0.01200,0.05986,0.17916
0.18545,0.06197,0.01243,0.06197,0.18545
0.19173,0.06409,0.01285,0.06409,0.19173
0.19802,0.06620,0.01328,0.06620,0.19802
0.20431,0.06831,0.01371,0.06831,0.20431
0.21059,0.07043,0.01413,0.07043,0.21059
0.21688,0.07255,0.01456,0.07255,0.21688
0.22317,0.07466,0.01499,0.07466,0.22317
0.22945,0.07678,0.01542,0.07678,0.22945
0.23574,0.07890,0.01585,0.07890,0.23574
0.24202,0.08103,0.01628,0.08103,0.24202
0.24831,0.08315,0.01671,0.08315,0.24831
0.25460,0.08528,0.01714,0.08528,0.25460
0.26088,0.08740,0.01757,0.08740,0.26088
0.26717,0.08953,0.01800,0.08953,0.26717
0.27346,0.09166,0.01843,0.09166,0.27346
0.27974,0.09379,0.01887,0.09379,0.27974
0.28603,0.09592,0.01930,0.09592,0.28603
0.29231,0.09806,0.01974,0.09806,0.29231
0.29860,0.10020,0.02017,0.10020,0.29860
0.30489,0.10233,0.02061,0.10233,0.30489
0.31117,0.10447,0.02105,0.10447,0.31117
0.31746,0.10662,0.02148,0.10662,0.31746
0.32375,0.10876,0.02192,0.10876,0.32375
0.33003,0.11091,0.02236,0.11091,0.33003
0.33632,0.11305,0.02280,0.11305,0.33632
0.34261,0.11520,0.02324,0.11520,0.34261
0.34889,0.11736,0.02369,0.11736,0.34889
0.35518,0.11951,0.02413,0.11951,0.35518
0.36146,0.12167,0.02457,0.12167,0.36146
0.36775,0.12383,0.02502,0.12383,0.36775
0.37404,0.12599,0.02546,0.12599,0.37404
0.38032,0.12815,0.02591,0.12815,0.38032
0.38661,0.13031,0.02636,0.13031,0.38661
0.39290,0.13248,0.02681,0.13248,0.39290
0.39918,0.13465,0.02726,0.13465,0.39918
0.40547,0.13682,0.02771,0.13683,0.40547
0.41175,0.13900,0.02816,0.13900,0.41176
0.41804,0.14118,0.02861,0.14118,0.41804
0.42433,0.14336,0.02906,0.14336,0.42433
0.43061,0.14554,0.02952,0.14554,0.43062
0.43690,0.14773,0.02997,0.14773,0.43690
0.44319,0.14991,0.03043,0.14991,0.44319
0.44947,0.15210,0.03089,0.15211,0.44948
0.45576,0.15430,0.03135,0.15430,0.45576
0.46205,0.15649,0.03181,0.15650,0.46205
0.46833,0.15869,0.03227,0.15870,0.46834
0.47462,0.16090,0.03273,0.16090,0.47462
0.48090,0.16310,0.03320,0.16310,0.48091
0.48719,0.16531,0.03366,0.16531,0.48720
0.49348,0.16752,0.03413,0.16752,0.49348
0.49976,0.16974,0.03460,0.16974,0.49977
0.50605,0.17195,0.03507,0.17196,0.50606
0.51234,0.17417,0.03554,0.17418,0.51235
0.51862,0.17640,0.03601,0.17640,0.51863
0.52491,0.17862,0.03648,0.17863,0.52492
0.53119,0.18085,0.03696,0.18086,0.53121
0.53748,0.18309,0.03743,0.18309,0.53749
0.54377,0.18533,0.03791,0.18533,0.54377
0.55005,0.18757,0.03839,0.18757,0.55005
0.55634,0.18981,0.03887,0.18981,0.55634
0.56263,0.19206,0.03935,0.19206,0.56263
0.56891,0.19431,0.03984,0.19431,0.56891
0.57520,0.19657,0.04032,0.19657,0.57520
0.58149,0.19882,0.04081,0.19882,0.58149
0.58777,0.20109,0.04130,0.20109,0.58777
0.59406,0.20335,0.04179,0.20335,0.59406
0.60034,0.20562,0.04228,0.20562,0.60034
0.60663,0.20790,0.04277,0.20790,0.60663
0.61292,0.21017,0.04327,0.21017,0.61292
0.61920,0.21246,0.04377,0.21246,0.61920
0.62549,0.21474,0.04427,0.21474,0.62549
0.63178,0.21703,0.04477,0.21703,0.63178
0.63806,0.21933,0.04527,0.21933,0.63806
0.64435,0.22162,0.04577,0.22162,0.64435
0.65063,0.22393,0.04628,0.22393,0.65063
0.65692,0.22623,0.04679,0.22623,0.65692
0.66321,0.22855,0.04730,0.22855,0.66321
0.66949,0.23086,0.04781,0.23086,0.66949
0.67578,0.23318,0.04832,0.23318,0.67578
0.68207,0.23551,0.04884,0.23551,0.68207
0.68835,0.23783,0.04936,0.23783,0.68835
0.69464,0.24017,0.04988,0.24017,0.69464
0.70093,0.24251,0.05040,0.24251,0.70093
0.70721,0.24485,0.05092,0.24485,0.70721
0.71350,0.24720,0.05145,0.24720,0.71350
0.71978,0.24955,0.05198,0.24955,0.71978
0.72607,0.25191,0.05251,0.25191,0.72607
0.73236,0.25427,0.05304,0.25427,0.73236
0.73864,0.25664,0.05357,0.25664,0.73864
0.74493,0.25901,0.05411,0.25901,0.74493
0.75122,0.26139,0.05465,0.26139,0.75122
0.75750,0.26377,0.05519,0.26377,0.75750
0.76379,0.26616,0.05574,0.26616,0.76379
0.77008,0.26855,0.05628,0.26855,0.77008
0.77636,0.27095,0.05683,0.27095,0.77636
0.78265,0.27335,0.05738,0.27335,0.78265
0.78893,0.27576,0.05794,0.27576,0.78893
0.79522,0.27818,0.05849,0.27818,0.79522
0.80151,0.28060,0.05905,0.28060,0.80151
0.80779,0.28302,0.05962,0.28302,0.80779
0.81408,0.28546,0.06018,0.28546,0.81408
0.82037,0.28789,0.06075,0.28789,0.82037
0.82665,0.29034,0.06132,0.29034,0.82665
0.83294,0.29279,0.06189,0.29279,0.83294
0.83922,0.29524,0.06246,0.29524,0.83922
0.84551,0.29770,0.06304,0.29770,0.84551
0.85180,0.30017,0.06362,0.30017,0.85180
0.85808,0.30264,0.06421,0.30264,0.85808
0.86437,0.30512,0.06479,0.30512,0.86437
0.87066,0.30761,0.06538,0.30761,0.87066
0.87694,0.31010,0.06598,0.31010,0.87694
0.88323,0.31260,0.06657,0.31260,0.88323
0.88952,0.31510,0.06717,0.31510,0.88952
0.89580,0.31762,0.06777,0.31762,0.89580
0.90209,0.32013,0.06838,0.32013,0.90209
0.90837,0.32266,0.06899,0.32266,0.90837
0.91466,0.32519,0.06960,0.32519,0.91466
0.92095,0.32773,0.07021,0.32773,0.92095
0.92723,0.33027,0.07083,0.33027,0.92723
0.93352,0.33282,0.07145,0.33282,0.93352
0.93981,0.33538,0.07208,0.33538,0.93981
0.94609,0.33795,0.07271,0.33795,0.94609
0.95238,0.34052,0.07334,0.34052,0.95238
0.95867,0.34310,0.07397,0.34310,0.95867
0.96495,0.34569,0.07461,0.34569,0.96495
0.97124,0.34829,0.07526,0.34829,0.97124
0.97752,0.35089,0.07590,0.35089,0.97752
0.98381,0.35350,0.07655,0.35350,0.98381
0.99010,0.35612,0.07721,0.35612,0.99010
0.99638,0.35874,0.07786,0.35874,0.99638
1.00267,0.36137,0.07853,0.36137,1.00267
1.00896,0.36401,0.07919,0.36401,1.00896
1.01524,0.36666,0.07986,0.36666,1.01524
1.02153,0.36932,0.08053,0.36932,1.02153
1.02781,0.37198,0.08121,0.37198,1.02782
1.03410,0.37466,0.08189,0.37466,1.03410
1.04039,0.37734,0.08258,0.37734,1.04039
1.04667,0.38003,0.08327,0.38003,1.04667
1.05296,0.38272,0.08397,0.38272,1.05296
1.05925,0.38543,0.08466,0.38543,1.05925
1.06553,0.38815,0.08537,0.38815,1.06553
1.07182,0.39087,0.08608,0.39087,1.07182
1.07811,0.39360,0.08679,0.39360,1.07811
1.08439,0.39634,0.08750,0.39634,1.08439
1.09068,0.39909,0.08823,0.39909,1.09068
1.09696,0.40185,0.08895,0.40185,1.09696
1.10325,0.40462,0.08968,0.40462,1.10325
1.10954,0.40739,0.09042,0.40739,1.10954
1.11582,0.41018,0.09116,0.41018,1.11582
1.12211,0.41298,0.09191,0.41298,1.12211
1.12840,0.41578,0.09266,0.41578,1.12840
1.13468,0.41859,0.09341,0.41860,1.13468
1.14097,0.42142,0.09417,0.42142,1.14097
1.14725,0.42425,0.09494,0.42425,1.14726
1.15354,0.42710,0.09571,0.42710,1.15354
1.15983,0.42995,0.09649,0.42995,1.15983
1.16611,0.43281,0.09727,0.43281,1.16612
1.17240,0.43569,0.09806,0.43569,1.17240
1.17869,0.43857,0.09885,0.43857,1.17869
1.18497,0.44146,0.09965,0.44146,1.18498
1.19126,0.44437,0.10046,0.44437,1.19126
1.19755,0.44728,0.10127,0.44728,1.19755
1.20383,0.45021,0.10209,0.45021,1.20384
1.21012,0.45314,0.10291,0.45315,1.21012
1.21640,0.45609,0.10374,0.45609,1.21641
1.22269,0.45905,0.10457,0.45905,1.22270
1.22898,0.46202,0.10541,0.46202,1.22898
1.23526,0.46500,0.10626,0.46500,1.23527
1.24155,0.46799,0.10711,0.46799,1.24156
1.24784,0.47099,0.10797,0.47099,1.24784
1.25412,0.47400,0.10884,0.47401,1.25413
1.26041,0.47703,0.10972,0.47703,1.26042
1.26670,0.48007,0.11060,0.48007,1.26669
1.27298,0.48311,0.11148,0.48311,1.27298
1.27927,0.48618,0.11238,0.48618,1.27927
1.28555,0.48925,0.11328,0.48925,1.28555
1.29184,0.49233,0.11419,0.49233,1.29184
1.29813,0.49543,0.11510,0.49543,1.29813
1.30441,0.49854,0.11602,0.49854,1.30441
1.31070,0.50166,0.11696,0.50166,1.31070
1.31699,0.50480,0.11789,0.50480,1.31699
1.32327,0.50794,0.11884,0.50794,1.32327
1.32956,0.51110,0.11979,0.51110,1.32956
1.33584,0.51428,0.12075,0.51428,1.33584
1.34213,0.51746,0.12172,0.51746,1.34213
1.34842,0.52066,0.12270,0.52066,1.34842
1.35470,0.52387,0.12368,0.52387,1.35470
1.36099,0.52710,0.12468,0.52710,1.36099
1.36728,0.53034,0.12568,0.53034,1.36728
1.37356,0.53359,0.12669,0.53359,1.37356
1.37985,0.53686,0.12771,0.53686,1.37985
1.38614,0.54014,0.12874,0.54014,1.38614
1.39242,0.54344,0.12977,0.54344,1.39242
1.39871,0.54675,0.13082,0.54675,1.39871
1.40499,0.55007,0.13187,0.55007,1.40499
1.41128,0.55341,0.13294,0.55341,1.41128
1.41757,0.55677,0.13401,0.55677,1.41757
1.42385,0.56014,0.13509,0.56014,1.42385
1.43014,0.56352,0.13619,0.56352,1.43014
1.43643,0.56692,0.13729,0.56692,1.43643
1.44271,0.57033,0.13840,0.57033,1.44271
1.44900,0.57376,0.13953,0.57376,1.44900
1.45529,0.57721,0.14066,0.57721,1.45528
1.46157,0.58067,0.14180,0.58067,1.46157
1.46786,0.58415,0.14296,0.58415,1.46786
1.47414,0.58764,0.14412,0.58764,1.47414
1.48043,0.59115,0.14530,0.59115,1.48043
1.48672,0.59468,0.14648,0.59468,1.48672
1.49300,0.59822,0.14768,0.59822,1.49300
1.49929,0.60178,0.14889,0.60178,1.49929
1.50558,0.60536,0.15011,0.60536,1.50558
1.51186,0.60895,0.15134,0.60895,1.51186
1.51815,0.61256,0.15259,0.61256,1.51815
1.52443,0.61619,0.15385,0.61619,1.52443
1.53072,0.61983,0.15511,0.61983,1.53072
1.53701,0.62350,0.15639,0.62350,1.53701
1.54329,0.62718,0.15769,0.62718,1.54329
1.54958,0.63088,0.15899,0.63088,1.54958
1.55587,0.63460,0.16031,0.63460,1.55587
1.56215,0.63833,0.16165,0.63833,1.56215
1.56844,0.64209,0.16299,0.64209,1.56844
1.57473,0.64586,0.16435,0.64586,1.57473
1.58101,0.64966,0.16573,0.64966,1.58101
1.58730,0.65347,0.16711,0.65347,1.58730
1.59358,0.65730,0.16851,0.65730,1.59358
1.59987,0.66115,0.16993,0.66115,1.59987
1.60616,0.66502,0.17136,0.66502,1.60616
1.61244,0.66891,0.17281,0.66891,1.61244
1.61873,0.67283,0.17427,0.67283,1.61873
1.62502,0.67676,0.17574,0.67676,1.62502
1.63130,0.68071,0.17723,0.68071,1.63130
1.63759,0.68469,0.17874,0.68469,1.63759
1.64387,0.68868,0.18027,0.68868,1.64387
1.65016,0.69270,0.18181,0.69270,1.65016
1.65645,0.69674,0.18336,0.69674,1.65645
1.66273,0.70080,0.18493,0.70080,1.66273
1.66902,0.70488,0.18653,0.70488,1.66902
1.67531,0.70898,0.18813,0.70898,1.67531
1.68159,0.71311,0.18976,0.71311,1.68159
1.68788,0.71726,0.19140,0.71726,1.68788
1.69417,0.72143,0.19306,0.72143,1.69417
1.70045,0.72563,0.19474,0.72563,1.70045
1.70674,0.72984,0.19644,0.72984,1.70674
1.71302,0.73409,0.19816,0.73409,1.71302
1.71931,0.73835,0.19990,0.73835,1.71931
1.72560,0.74264,0.20165,0.74264,1.72560
1.73188,0.74696,0.20343,0.74696,1.73188
1.73817,0.75130,0.20523,0.75130,1.73817
1.74446,0.75566,0.20704,0.75566,1.74446
1.75074,0.76005,0.20888,0.76005,1.75074
1.75703,0.76447,0.21074,0.76447,1.75703
1.76332,0.76891,0.21263,0.76891,1.76332
1.76960,0.77337,0.21453,0.77337,1.76960
1.77589,0.77786,0.21646,0.77787,1.77589
1.78217,0.78238,0.21841,0.78238,1.78217
1.78846,0.78693,0.22038,0.78693,1.78846
1.79475,0.79150,0.22237,0.79150,1.79475
1.80103,0.79610,0.22439,0.79610,1.80103
1.80732,0.80073,0.22644,0.80073,1.80732
1.81361,0.80539,0.22851,0.80539,1.81361
1.81989,0.81007,0.23060,0.81007,1.81989
1.82618,0.81478,0.23272,0.81479,1.82618
1.83246,0.81953,0.23487,0.81953,1.83247
1.83875,0.82430,0.23704,0.82430,1.83875
1.84504,0.82910,0.23924,0.82910,1.84504
1.85132,0.83393,0.24147,0.83393,1.85132
1.85761,0.83879,0.24372,0.83879,1.85761
1.86390,0.84368,0.24600,0.84368,1.86390
1.87018,0.84860,0.24831,0.84860,1.87018
1.87647,0.85355,0.25066,0.85355,1.87647
1.88276,0.85853,0.25303,0.85853,1.88276
1.88904,0.86355,0.25543,0.86355,1.88904
1.89533,0.86860,0.25786,0.86860,1.89533
1.90161,0.87368,0.26032,0.87368,1.90161
1.90790,0.87879,0.26282,0.87879,1.90790
1.91419,0.88393,0.26534,0.88394,1.91419
1.92047,0.88911,0.26790,0.88911,1.92047
1.92676,0.89433,0.27050,0.89433,1.92676
1.93305,0.89957,0.27312,0.89957,1.93305
1.93933,0.90485,0.27579,0.90486,1.93933
1.94562,0.91017,0.27848,0.91017,1.94562
1.95190,0.91552,0.28122,0.91552,1.95191
1.95819,0.92091,0.28399,0.92091,1.95819
1.96448,0.92633,0.28680,0.92634,1.96448
1.97076,0.93179,0.28964,0.93179,1.97076
1.97705,0.93729,0.29252,0.93729,1.97705
1.98334,0.94283,0.29545,0.94283,1.98334
1.98962,0.94840,0.29841,0.94840,1.98962
1.99591,0.95401,0.30141,0.95401,1.99591
2.00220,0.95966,0.30446,0.95966,2.00220
2.00848,0.96534,0.30755,0.96534,2.00848
2.01477,0.97107,0.31068,0.97107,2.01477
2.02105,0.97684,0.31385,0.97684,2.02105
2.02734,0.98264,0.31707,0.98264,2.02734
2.03363,0.98849,0.32033,0.98849,2.03363
2.03991,0.99438,0.32364,0.99438,2.03991
2.04620,1.00031,0.32700,1.00031,2.04620
2.05249,1.00628,0.33040,1.00628,2.05249
2.05877,1.01229,0.33385,1.01229,2.05877
2.06506,1.01835,0.33736,1.01835,2.06506
2.07134,1.02445,0.34091,1.02445,2.07134
2.07763,1.03059,0.34451,1.03059,2.07763
2.08392,1.03678,0.34817,1.03678,2.08392
2.09020,1.04302,0.35187,1.04302,2.09020
2.09649,1.04930,0.35564,1.04930,2.09649
2.10278,1.05562,0.35946,1.05562,2.10278
2.10906,1.06199,0.36333,1.06199,2.10906
2.11535,1.06841,0.36726,1.06841,2.11535
2.12164,1.07487,0.37125,1.07487,2.12164
2.12792,1.08139,0.37530,1.08139,2.12792
2.13421,1.08795,0.37941,1.08795,2.13421
2.14049,1.09456,0.38358,1.09456,2.14049
2.14678,1.10122,0.38781,1.10122,2.14678
2.15307,1.10793,0.39211,1.10793,2.15307
2.15935,1.11469,0.39647,1.11469,2.15935
2.16564,1.12150,0.40090,1.12150,2.16564
2.17193,1.12836,0.40539,1.12836,2.17193
2.17821,1.13527,0.40995,1.13527,2.17821
2.18450,1.14224,0.41459,1.14224,2.18450
2.19078,1.14926,0.41929,1.14926,2.19078
2.19707,1.15634,0.42407,1.15634,2.19707
2.20336,1.16347,0.42892,1.16347,2.20336
2.20964,1.17065,0.43385,1.17065,2.20964
2.21593,1.17789,0.43885,1.17789,2.21593
2.22222,1.18519,0.44393,1.18519,2.22222
2.22850,1.19254,0.44909,1.19254,2.22850
2.23479,1.19995,0.45433,1.19995,2.23479
2.24108,1.20742,0.45966,1.20742,2.24108
2.24736,1.21495,0.46507,1.21495,2.24736
2.25365,1.22253,0.47056,1.22253,2.25365
2.25993,1.23018,0.47614,1.23018,2.25993
2.26622,1.23789,0.48181,1.23789,2.26622
2.27251,1.24566,0.48757,1.24566,2.27251
2.27879,1.25349,0.49343,1.25349,2.27879
2.28508,1.26138,0.49937,1.26138,2.28508
2.29137,1.26934,0.50542,1.26934,2.29137
2.29765,1.27736,0.51156,1.27736,2.29765
2.30394,1.28545,0.51780,1.28545,2.30394
2.31023,1.29360,0.52414,1.29360,2.31023
2.31651,1.30181,0.53058,1.30181,2.31651
2.32280,1.31010,0.53713,1.31010,2.32280
2.32908,1.31845,0.54378,1.31845,2.32908
2.33537,1.32687,0.55055,1.32687,2.33537
2.34166,1.33535,0.55742,1.33535,2.34166
2.34794,1.34391,0.56441,1.34391,2.34794
2.35423,1.35254,0.57151,1.35254,2.35423
2.36052,1.36123,0.57874,1.36123,2.36052
2.36680,1.37000,0.58608,1.37000,2.36680
2.37309,1.37885,0.59354,1.37885,2.37309
2.37937,1.38776,0.60112,1.38776,2.37937
2.38566,1.39675,0.60883,1.39675,2.38566
2.39195,1.40581,0.61668,1.40581,2.39195
2.39823,1.41495,0.62465,1.41495,2.39823
2.40452,1.42416,0.63275,1.42416,2.40452
2.41081,1.43346,0.64099,1.43346,2.41081
2.41709,1.44282,0.64936,1.44282,2.41709
2.42338,1.45227,0.65788,1.45227,2.42338
2.42967,1.46180,0.66654,1.46180,2.42967
2.43595,1.47140,0.67535,1.47140,2.43595
2.44224,1.48109,0.68431,1.48109,2.44224
2.44852,1.49085,0.69341,1.49085,2.44852
2.45481,1.50070,0.70267,1.50070,2.45481
2.46110,1.51064,0.71208,1.51064,2.46110
2.46738,1.52065,0.72166,1.52065,2.46738
2.47367,1.53075,0.73139,1.53075,2.47367
2.47996,1.54093,0.74129,1.54093,2.47996
2.48624,1.55120,0.75136,1.55120,2.48624
2.49253,1.56156,0.76159,1.56156,2.49253
2.49882,1.57200,0.77200,1.57200,2.49882
2.50510,1.58254,0.78259,1.58254,2.50510
2.51139,1.59316,0.79335,1.59316,2.51139
2.51767,1.60387,0.80430,1.60387,2.51768
2.52396,1.61466,0.81543,1.61466,2.52396
2.53025,1.62555,0.82675,1.62555,2.53025
2.53653,1.63654,0.83826,1.63654,2.53653
2.54282,1.64761,0.84997,1.64761,2.54282
2.54911,1.65878,0.86187,1.65878,2.54911
2.55539,1.67004,0.87397,1.67004,2.55539
2.56168,1.68139,0.88628,1.68139,2.56168
2.56797,1.69284,0.89879,1.69284,2.56797
2.57425,1.70439,0.91152,1.70439,2.57425
2.58054,1.71603,0.92445,1.71603,2.58054
2.58682,1.72777,0.93760,1.72777,2.58682
2.59311,1.73961,0.95098,1.73961,2.59311
2.59940,1.75154,0.96457,1.75154,2.59940
2.60568,1.76357,0.97839,1.76357,2.60568
2.61197,1.77571,0.99244,1.77571,2.61197
2.61826,1.78794,1.00673,1.78794,2.61826
2.62454,1.80027,1.02125,1.80027,2.62454
2.63083,1.81271,1.03600,1.81271,2.63083
2.63712,1.82524,1.05100,1.82524,2.63712
2.64340,1.83788,1.06624,1.83788,2.64340
2.64969,1.85062,1.08174,1.85062,2.64969
2.65597,1.86347,1.09748,1.86347,2.65597
2.66226,1.87641,1.11348,1.87641,2.66226
2.66855,1.88946,1.12974,1.88946,2.66855
2.67483,1.90262,1.14626,1.90262,2.67483
2.68112,1.91588,1.16304,1.91588,2.68112
2.68741,1.92924,1.18009,1.92924,2.68741
2.69369,1.94271,1.19741,1.94271,2.69369
2.69998,1.95629,1.21500,1.95629,2.69998
2.70626,1.96997,1.23287,1.96997,2.70626
2.71255,1.98376,1.25101,1.98376,2.71255
2.71884,1.99766,1.26944,1.99766,2.71884
2.72512,2.01166,1.28815,2.01166,2.72512
2.73141,2.02576,1.30714,2.02576,2.73141
2.73770,2.03998,1.32643,2.03998,2.73770
2.74398,2.05430,1.34600,2.05430,2.74398
2.75027,2.06872,1.36586,2.06872,2.75027
2.75656,2.08326,1.38603,2.08326,2.75656
2.76284,2.09790,1.40648,2.09790,2.76284
2.76913,2.11264,1.42724,2.11264,2.76913
2.77541,2.12750,1.44830,2.12750,2.77541
2.78170,2.14246,1.46965,2.14246,2.78170
2.78799,2.15752,1.49132,2.15752,2.78799
2.79427,2.17269,1.51328,2.17269,2.79427
2.80056,2.18797,1.53555,2.18797,2.80056
2.80685,2.20335,1.55813,2.20335,2.80685
2.81313,2.21883,1.58101,2.21883,2.81313
2.81942,2.23442,1.60421,2.23442,2.81942
2.82571,2.25011,1.62771,2.25011,2.82571
2.83199,2.26591,1.65152,2.26591,2.83199
2.83828,2.28180,1.67564,2.28180,2.83828
2.84456,2.29780,1.70007,2.29780,2.84456
2.85085,2.31390,1.72480,2.31390,2.85085
2.85714,2.33010,1.74984,2.33010,2.85714
2.86342,2.34639,1.77519,2.34639,2.86342
2.86971,2.36279,1.80084,2.36279,2.86971
2.87600,2.37928,1.82680,2.37928,2.87600
2.88228,2.39587,1.85306,2.39587,2.88228
2.88857,2.41255,1.87962,2.41255,2.88857
2.89485,2.42932,1.90648,2.42932,2.89485
2.90114,2.44619,1.93363,2.44619,2.90114
2.90743,2.46315,1.96108,2.46315,2.90743
2.91371,2.48019,1.98882,2.48019,2.91371
2.92000,2.49733,2.01684,2.49733,2.92000
2.92629,2.51455,2.04515,2.51455,2.92629
2.93257,2.53186,2.07374,2.53186,2.93257
2.93886,2.54925,2.10260,2.54925,2.93886
2.94515,2.56672,2.13174,2.56672,2.94515
2.95143,2.58427,2.16114,2.58427,2.95143
2.95772,2.60190,2.19080,2.60190,2.95772
2.96400,2.61961,2.22072,2.61961,2.96400
2.97029,2.63739,2.25090,2.63739,2.97029
2.97658,2.65524,2.28131,2.65524,2.97658
2.98286,2.67316,2.31197,2.67316,2.98286
2.98915,2.69115,2.34285,2.69115,2.98915
2.99544,2.70920,2.37397,2.70920,2.99544
3.00172,2.72732,2.40531,2.72732,3.00172
3.00801,2.74550,2.43685,2.74550,3.00801
3.01430,2.76374,2.46861,2.76374,3.01430
3.02058,2.78204,2.50056,2.78204,3.02058
3.02687,2.80039,2.53269,2.80039,3.02687
3.03315,2.81879,2.56500,2.81879,3.03315
3.03944,2.83724,2.59750,2.83724,3.03944
3.04573,2.85574,2.63015,2.85574,3.04573
3.05201,2.87428,2.66296,2.87428,3.05201
3.05830,2.89286,2.69591,2.89286,3.05830
3.06459,2.91148,2.72900,2.91148,3.06459
3.07087,2.93013,2.76222,2.93013,3.07087
3.07716,2.94882,2.79556,2.94882,3.07716
3.08344,2.96754,2.82900,2.96754,3.08344
3.08973,2.98628,2.86253,2.98628,3.08973
3.09602,3.00505,2.89616,3.00505,3.09602
3.10230,3.02384,2.92986,3.02384,3.10230
3.10859,3.04266,2.96363,3.04266,3.10859
3.11488,3.06148,2.99746,3.06148,3.11488
3.12116,3.08032,3.03133,3.08032,3.12116
3.12745,3.09917,3.06523,3.09917,3.12745
3.13374,3.11802,3.09917,3.11802,3.13374
3.14002,3.13688,3.13311,3.13688,3.14002
3.14631,-3.12745,-3.11613,-3.12745,-3.13688
3.15259,-3.10859,-3.08220,-3.10859,-3.13059
3.15888,-3.08974,-3.04828,-3.08974,-3.12431
3.16517,-3.07090,-3.01439,-3.07090,-3.11802
3.17145,-3.05206,-2.98054,-3.05206,-3.11173
3.17774,-3.03325,-2.94674,-3.03325,-3.10545
3.18403,-3.01445,-2.91300,-3.01445,-3.09916
3.19031,-2.99567,-2.87934,-2.99567,-3.09287
3.19660,-2.97691,-2.84575,-2.97691,-3.08659
3.20288,-2.95818,-2.81226,-2.95818,-3.08030
3.20917,-2.93947,-2.77887,-2.93947,-3.07401
3.21546,-2.92080,-2.74560,-2.92080,-3.06773
3.22174,-2.90216,-2.71244,-2.90216,-3.06144
3.22803,-2.88356,-2.67942,-2.88356,-3.05516
3.23432,-2.86500,-2.64653,-2.86500,-3.04887
3.24060,-2.84648,-2.61380,-2.84648,-3.04258
3.24689,-2.82801,-2.58123,-2.82801,-3.03630
3.25318,-2.80958,-2.54882,-2.80958,-3.03001
3.25946,-2.79121,-2.51660,-2.79121,-3.02372
3.26575,-2.77288,-2.48455,-2.77288,-3.01744
3.27203,-2.75461,-2.45270,-2.75461,-3.01115
3.27832,-2.73641,-2.42106,-2.73641,-3.00487
3.28461,-2.71826,-2.38961,-2.71826,-2.99858
3.29089,-2.70017,-2.35839,-2.70017,-2.99229
3.29718,-2.68214,-2.32738,-2.68214,-2.98601
3.30347,-2.66419,-2.29661,-2.66419,-2.97972
3.30975,-2.64630,-2.26607,-2.64630,-2.97343
3.31604,-2.62849,-2.23578,-2.62849,-2.96715
3.32232,-2.61074,-2.20573,-2.61074,-2.96086
3.32861,-2.59308,-2.17594,-2.59308,-2.95457
3.33490,-2.57548,-2.14640,-2.57548,-2.94829
3.34118,-2.55797,-2.11713,-2.55797,-2.94200
3.34747,-2.54054,-2.08814,-2.54054,-2.93572
3.35376,-2.52319,-2.05941,-2.52319,-2.92943
3.36004,-2.50593,-2.03096,-2.50593,-2.92314
3.36633,-2.48875,-2.00280,-2.48875,-2.91686
3.37262,-2.47166,-1.97491,-2.47166,-2.91057
3.37890,-2.45466,-1.94732,-2.45466,-2.90428
3.38519,-2.43775,-1.92002,-2.43775,-2.89800
3.39147,-2.42092,-1.89301,-2.42092,-2.89171
3.39776,-2.40419,-1.86630,-2.40419,-2.88542
3.40405,-2.38756,-1.83989,-2.38756,-2.87914
3.41033,-2.37102,-1.81379,-2.37102,-2.87285
3.41662,-2.35458,-1.78798,-2.35458,-2.86657
3.42291,-2.33823,-1.76248,-2.33823,-2.86028
3.42919,-2.32199,-1.73728,-2.32199,-2.85399
3.43548,-2.30584,-1.71239,-2.30584,-2.84771
3.44176,-2.28979,-1.68782,-2.28979,-2.84142
3.44805,-2.27384,-1.66354,-2.27384,-2.83513
3.45434,-2.25800,-1.63958,-2.25800,-2.82885
3.46062,-2.24225,-1.61592,-2.24225,-2.82256
3.46691,-2.22661,-1.59257,-2.22661,-2.81627
3.47320,-2.21108,-1.56953,-2.21108,-2.80999
3.47948,-2.19564,-1.54680,-2.19564,-2.80370
3.48577,-2.18032,-1.52438,-2.18032,-2.79742
3.49206,-2.16509,-1.50226,-2.16509,-2.79113
3.49834,-2.14998,-1.48045,-2.14998,-2.78484
3.50463,-2.13496,-1.45894,-2.13496,-2.77856
3.51091,-2.12006,-1.43773,-2.12006,-2.77227
3.51720,-2.10526,-1.41682,-2.10526,-2.76598
3.52349,-2.09056,-1.39622,-2.09056,-2.75970
3.52977,-2.07598,-1.37591,-2.07598,-2.75341
3.53606,-2.06150,-1.35589,-2.06150,-2.74713
3.54235,-2.04712,-1.33618,-2.04712,-2.74084
3.54863,-2.03286,-1.31675,-2.03286,-2.73455
3.55492,-2.01870,-1.29761,-2.01870,-2.72827
3.56121,-2.00464,-1.27876,-2.00464,-2.72198
3.56749,-1.99070,-1.26019,-1.99070,-2.71569
3.57378,-1.97685,-1.24191,-1.97685,-2.70941
3.58006,-1.96312,-1.22390,-1.96312,-2.70312
3.58635,-1.94949,-1.20617,-1.94949,-2.69683
3.59264,-1.93597,-1.18872,-1.93597,-2.69055
3.59892,-1.92255,-1.17153,-1.92255,-2.68426
3.60521,-1.90924,-1.15462,-1.90924,-2.67798
3.61150,-1.89603,-1.13797,-1.89603,-2.67169
3.61778,-1.88292,-1.12158,-1.88292,-2.66540
3.62407,-1.86993,-1.10545,-1.86993,-2.65912
3.63036,-1.85703,-1.08958,-1.85703,-2.65283
3.63664,-1.84424,-1.07396,-1.84424,-2.64654
3.64293,-1.83155,-1.05859,-1.83155,-2.64026
3.64921,-1.81896,-1.04347,-1.81896,-2.63397
3.65550,-1.80648,-1.02859,-1.80648,-2.62769
3.66179,-1.79409,-1.01395,-1.79409,-2.62140
3.66807,-1.78181,-0.99956,-1.78181,-2.61511
3.67436,-1.76963,-0.98539,-1.76963,-2.60883
3.68065,-1.75754,-0.97145,-1.75754,-2.60254
3.68693,-1.74556,-0.95775,-1.74556,-2.59625
3.69322,-1.73367,-0.94426,-1.73367,-2.58997
3.69950,-1.72189,-0.93100,-1.72189,-2.58368
3.70579,-1.71020,-0.91796,-1.71020,-2.57739
3.71208,-1.69860,-0.90513,-1.69860,-2.57111
3.71836,-1.68711,-0.89251,-1.68711,-2.56482
3.72465,-1.67570,-0.88010,-1.67570,-2.55854
3.73094,-1.66440,-0.86790,-1.66440,-2.55225
3.73722,-1.65318,-0.85590,-1.65318,-2.54596
3.74351,-1.64206,-0.84409,-1.64206,-2.53968
3.74980,-1.63103,-0.83248,-1.63103,-2.53339
3.75608,-1.62010,-0.82107,-1.62010,-2.52710
3.76237,-1.60925,-0.80984,-1.60925,-2.52082
3.76865,-1.59850,-0.79881,-1.59850,-2.51453
3.77494,-1.58783,-0.78795,-1.58783,-2.50825
3.78123,-1.57726,-0.77727,-1.57726,-2.50196
3.78751,-1.56677,-0.76678,-1.56677,-2.49567
3.79380,-1.55637,-0.75645,-1.55637,-2.48939
3.80009,-1.54606,-0.74630,-1.54606,-2.48310
3.80637,-1.53583,-0.73632,-1.53583,-2.47681
3.81266,-1.52569,-0.72650,-1.52569,-2.47053
3.81894,-1.51563,-0.71685,-1.51563,-2.46424
3.82523,-1.50566,-0.70736,-1.50566,-2.45795
3.83152,-1.49577,-0.69802,-1.49577,-2.45167
3.83780,-1.48596,-0.68884,-1.48596,-2.44538
3.84409,-1.47623,-0.67981,-1.47623,-2.43910
3.85038,-1.46659,-0.67093,-1.46659,-2.43281
3.85666,-1.45702,-0.66219,-1.45702,-2.42652
3.86295,-1.44754,-0.65361,-1.44754,-2.42024
3.86924,-1.43813,-0.64516,-1.43813,-2.41395
3.87552,-1.42880,-0.63685,-1.42880,-2.40766
3.88181,-1.41955,-0.62868,-1.41955,-2.40138
3.88809,-1.41037,-0.62064,-1.41037,-2.39509
3.89438,-1.40127,-0.61274,-1.40127,-2.38881
3.90067,-1.39224,-0.60496,-1.39224,-2.38252
3.90695,-1.38329,-0.59732,-1.38329,-2.37623
3.91324,-1.37441,-0.58979,-1.37441,-2.36995
3.91953,-1.36561,-0.58239,-1.36561,-2.36366
3.92581,-1.35688,-0.57511,-1.35688,-2.35737
3.93210,-1.34821,-0.56795,-1.34821,-2.35109
3.93838,-1.33962,-0.56090,-1.33962,-2.34480
3.94467,-1.33110,-0.55397,-1.33110,-2.33851
3.95096,-1.32265,-0.54715,-1.32265,-2.33223
3.95724,-1.31426,-0.54044,-1.31426,-2.32594
3.96353,-1.30595,-0.53384,-1.30595,-2.31966
3.96982,-1.29770,-0.52734,-1.29770,-2.31337
3.97610,-1.28951,-0.52095,-1.28951,-2.30708
3.98239,-1.28139,-0.51466,-1.28139,-2.30080
3.98868,-1.27334,-0.50847,-1.27334,-2.29451
3.99496,-1.26535,-0.50238,-1.26535,-2.28822
4.00125,-1.25743,-0.49639,-1.25743,-2.28194
4.00753,-1.24957,-0.49049,-1.24957,-2.27565
4.01382,-1.24177,-0.48468,-1.24177,-2.26936
4.02011,-1.23403,-0.47897,-1.23403,-2.26308
4.02639,-1.22635,-0.47334,-1.22635,-2.25679
4.03268,-1.21873,-0.46780,-1.21873,-2.25051
4.03897,-1.21118,-0.46235,-1.21118,-2.24422
4.04525,-1.20368,-0.45699,-1.20368,-2.23793
4.05154,-1.19624,-0.45170,-1.19624,-2.23165
4.05782,-1.18886,-0.44650,-1.18886,-2.22536
4.06411,-1.18153,-0.44138,-1.18153,-2.21907
4.07040,-1.17426,-0.43634,-1.17426,-2.21279
4.07668,-1.16705,-0.43137,-1.16705,-2.20650
4.08297,-1.15990,-0.42649,-1.15990,-2.20022
4.08926,-1.15279,-0.42167,-1.15279,-2.19393
4.09554,-1.14575,-0.41693,-1.14575,-2.18764
4.10183,-1.13875,-0.41226,-1.13875,-2.18136
4.10812,-1.13181,-0.40766,-1.13181,-2.17507
4.11440,-1.12492,-0.40314,-1.12492,-2.16878
4.12069,-1.11809,-0.39867,-1.11809,-2.16250
4.12697,-1.11130,-0.39428,-1.11130,-2.15621
4.13326,-1.10457,-0.38995,-1.10457,-2.14992
4.13955,-1.09788,-0.38569,-1.09788,-2.14364
4.14583,-1.09125,-0.38148,-1.09125,-2.13735
4.15212,-1.08466,-0.37734,-1.08466,-2.13107
4.15841,-1.07812,-0.37327,-1.07812,-2.12478
4.16469,-1.07164,-0.36925,-1.07164,-2.11849
4.17098,-1.06519,-0.36529,-1.06519,-2.11221
4.17727,-1.05880,-0.36138,-1.05880,-2.10592
4.18355,-1.05245,-0.35754,-1.05245,-2.09963
4.18984,-1.04615,-0.35375,-1.04615,-2.09335
4.19612,-1.03989,-0.35001,-1.03989,-2.08706
4.20241,-1.03368,-0.34633,-1.03368,-2.08077
4.20870,-1.02752,-0.34270,-1.02752,-2.07449
4.21498,-1.02139,-0.33912,-1.02139,-2.06820
4.22127,-1.01532,-0.33560,-1.01532,-2.06192
4.22756,-1.00928,-0.33212,-1.00928,-2.05563
4.23384,-1.00329,-0.32869,-1.00329,-2.04934
4.24013,-0.99734,-0.32531,-0.99734,-2.04306
4.24641,-0.99143,-0.32198,-0.99143,-2.03677
4.25270,-0.98556,-0.31869,-0.98556,-2.03048
4.25899,-0.97973,-0.31545,-0.97973,-2.02420
4.26527,-0.97395,-0.31226,-0.97395,-2.01791
4.27156,-0.96820,-0.30911,-0.96820,-2.01163
4.27785,-0.96249,-0.30600,-0.96249,-2.00534
4.28413,-0.95683,-0.30293,-0.95683,-1.99905
4.29042,-0.95120,-0.29991,-0.95120,-1.99277
4.29671,-0.94561,-0.29692,-0.94561,-1.98648
4.30299,-0.94005,-0.29398,-0.94005,-1.98019
4.30928,-0.93454,-0.29108,-0.93454,-1.97391
4.31556,-0.92906,-0.28821,-0.92906,-1.96762
4.32185,-0.92362,-0.28539,-0.92362,-1.96134
4.32814,-0.91821,-0.28260,-0.91821,-1.95505
4.33442,-0.91284,-0.27985,-0.91284,-1.94876
4.34071,-0.90751,-0.27713,-0.90751,-1.94248
4.34700,-0.90221,-0.27445,-0.90221,-1.93619
4.35328,-0.89695,-0.27181,-0.89695,-1.92990
4.35957,-0.89172,-0.26919,-0.89172,-1.92362
4.36586,-0.88652,-0.26662,-0.88652,-1.91733
4.37214,-0.88136,-0.26407,-0.88136,-1.91105
4.37843,-0.87623,-0.26156,-0.87623,-1.90476
4.38471,-0.87113,-0.25909,-0.87113,-1.89847
4.39100,-0.86607,-0.25664,-0.86607,-1.89219
4.39729,-0.86104,-0.25422,-0.86104,-1.88590
4.40357,-0.85604,-0.25184,-0.85604,-1.87961
4.40986,-0.85107,-0.24948,-0.85107,-1.87333
4.41615,-0.84613,-0.24716,-0.84613,-1.86704
4.42243,-0.84123,-0.24486,-0.84123,-1.86075
4.42872,-0.83635,-0.24259,-0.83635,-1.85447
4.43501,-0.83151,-0.24035,-0.83151,-1.84818
4.44129,-0.82669,-0.23814,-0.82669,-1.84189
4.44758,-0.82191,-0.23595,-0.82191,-1.83561
4.45386,-0.81715,-0.23379,-0.81715,-1.82932
4.46015,-0.81242,-0.23166,-0.81242,-1.82304
4.46644,-0.80773,-0.22955,-0.80773,-1.81675
4.47272,-0.80306,-0.22747,-0.80306,-1.81046
4.47901,-0.79841,-0.22541,-0.79841,-1.80418
4.48530,-0.79380,-0.22338,-0.79380,-1.79789
4.49158,-0.78921,-0.22137,-0.78921,-1.79160
4.49787,-0.78465,-0.21939,-0.78465,-1.78532
4.50415,-0.78012,-0.21743,-0.78012,-1.77903
4.51044,-0.77562,-0.21549,-0.77562,-1.77275
4.51673,-0.77114,-0.21358,-0.77114,-1.76646
4.52301,-0.76668,-0.21168,-0.76668,-1.76017
4.52930,-0.76225,-0.20981,-0.76225,-1.75389
4.53559,-0.75785,-0.20796,-0.75785,-1.74760
4.54187,-0.75348,-0.20613,-0.75348,-1.74131
4.54816,-0.74912,-0.20433,-0.74912,-1.73503
4.55444,-0.74480,-0.20254,-0.74480,-1.72874
4.56073,-0.74049,-0.20077,-0.74049,-1.72245
4.56702,-0.73622,-0.19903,-0.73622,-1.71617
4.57330,-0.73196,-0.19730,-0.73196,-1.70988
4.57959,-0.72773,-0.19559,-0.72773,-1.70359
4.58588,-0.72352,-0.19390,-0.72352,-1.69731
4.59216,-0.71934,-0.19223,-0.71934,-1.69102
4.59845,-0.71518,-0.19058,-0.71518,-1.68474
4.60474,-0.71104,-0.18894,-0.71104,-1.67845
4.61102,-0.70693,-0.18733,-0.70693,-1.67216
4.61731,-0.70283,-0.18573,-0.70283,-1.66588
4.62359,-0.69876,-0.18415,-0.69876,-1.65959
4.62988,-0.69471,-0.18258,-0.69471,-1.65330
4.63617,-0.69069,-0.18103,-0.69069,-1.64702
4.64245,-0.68668,-0.17950,-0.68668,-1.64073
4.64874,-0.68270,-0.17799,-0.68270,-1.63445
4.65503,-0.67873,-0.17649,-0.67873,-1.62816
4.66131,-0.67479,-0.17500,-0.67479,-1.62187
4.66760,-0.67087,-0.17354,-0.67087,-1.61559
4.67388,-0.66697,-0.17208,-0.66697,-1.60930
4.68017,-0.66308,-0.17064,-0.66308,-1.60301
4.68646,-0.65922,-0.16922,-0.65922,-1.59673
4.69274,-0.65538,-0.16781,-0.65538,-1.59044
4.69903,-0.65156,-0.16642,-0.65156,-1.58415
4.70532,-0.64776,-0.16504,-0.64776,-1.57787
4.71160,-0.64397,-0.16367,-0.64397,-1.57158
4.71789,-0.64021,-0.16232,-0.64021,-1.56529
4.72418,-0.63646,-0.16098,-0.63646,-1.55901
4.73046,-0.63274,-0.15965,-0.63274,-1.55272
4.73675,-0.62903,-0.15834,-0.62903,-1.54644
4.74303,-0.62534,-0.15704,-0.62534,-1.54015
4.74932,-0.62166,-0.15575,-0.62166,-1.53386
4.75561,-0.61801,-0.15448,-0.61801,-1.52758
4.76189,-0.61437,-0.15322,-0.61437,-1.52129
4.76818,-0.61075,-0.15196,-0.61075,-1.51501
4.77447,-0.60715,-0.15073,-0.60715,-1.50872
4.78075,-0.60356,-0.14950,-0.60356,-1.50243
4.78704,-0.60000,-0.14828,-0.60000,-1.49615
4.79332,-0.59645,-0.14708,-0.59645,-1.48986
4.79961,-0.59291,-0.14589,-0.59291,-1.48357
4.80590,-0.58939,-0.14471,-0.58939,-1.47729
4.81218,-0.58589,-0.14354,-0.58589,-1.47100
4.81847,-0.58241,-0.14238,-0.58241,-1.46471
4.82476,-0.57894,-0.14123,-0.57894,-1.45843
4.83104,-0.57548,-0.14009,-0.57548,-1.45214
4.83733,-0.57205,-0.13896,-0.57205,-1.44586
4.84362,-0.56862,-0.13785,-0.56862,-1.43957
4.84990,-0.56522,-0.13674,-0.56522,-1.43328
4.85619,-0.56183,-0.13564,-0.56183,-1.42700
4.86247,-0.55845,-0.13455,-0.55845,-1.42071
4.86876,-0.55509,-0.13347,-0.55509,-1.41442
4.87505,-0.55174,-0.13240,-0.55174,-1.40814
4.88133,-0.54841,-0.13135,-0.54841,-1.40185
4.88762,-0.54509,-0.13029,-0.54509,-1.39556
4.89391,-0.54179,-0.12925,-0.54179,-1.38928
4.90019,-0.53850,-0.12822,-0.53850,-1.38299
4.90648,-0.53523,-0.12720,-0.53523,-1.37671
4.91277,-0.53197,-0.12618,-0.53197,-1.37042
4.91905,-0.52872,-0.12518,-0.52872,-1.36413
4.92534,-0.52549,-0.12418,-0.52549,-1.35785
4.93162,-0.52227,-0.12319,-0.52227,-1.35156
4.93791,-0.51906,-0.12221,-0.51906,-1.34527
4.94420,-0.51587,-0.12124,-0.51587,-1.33899
4.95048,-0.51269,-0.12027,-0.51269,-1.33270
4.95677,-0.50952,-0.11931,-0.50952,-1.32642
4.96306,-0.50637,-0.11836,-0.50637,-1.32013
4.96934,-0.50323,-0.11742,-0.50323,-1.31384
4.97563,-0.50010,-0.11649,-0.50010,-1.30756
4.98191,-0.49698,-0.11556,-0.49698,-1.30127
4.98820,-0.49388,-0.11464,-0.49388,-1.29498
4.99449,-0.49079,-0.11373,-0.49079,-1.28870
5.00077,-0.48771,-0.11283,-0.48771,-1.28241
5.00706,-0.48464,-0.11193,-0.48464,-1.27612
5.01335,-0.48159,-0.11104,-0.48159,-1.26984
5.01963,-0.47855,-0.11015,-0.47855,-1.26355
5.02592,-0.47551,-0.10928,-0.47552,-1.25727
5.03221,-0.47249,-0.10841,-0.47250,-1.25099
5.03849,-0.46949,-0.10754,-0.46949,-1.24470
5.04478,-0.46649,-0.10669,-0.46649,-1.23841
5.05106,-0.46350,-0.10584,-0.46351,-1.23213
5.05735,-0.46053,-0.10499,-0.46053,-1.22584
5.06364,-0.45757,-0.10415,-0.45757,-1.21955
5.06992,-0.45462,-0.10332,-0.45462,-1.21327
5.07621,-0.45167,-0.10250,-0.45168,-1.20698
5.08250,-0.44874,-0.10168,-0.44875,-1.20069
5.08878,-0.44582,-0.10086,-0.44582,-1.19441
5.09507,-0.44291,-0.10005,-0.44291,-1.18812
5.10136,-0.44001,-0.09925,-0.44002,-1.18183
5.10764,-0.43713,-0.09846,-0.43713,-1.17555
5.11393,-0.43425,-0.09767,-0.43425,-1.16926
5.12021,-0.43138,-0.09688,-0.43138,-1.16297
5.12650,-0.42852,-0.09610,-0.42852,-1.15669
5.13279,-0.42567,-0.09533,-0.42567,-1.15040
5.13907,-0.42283,-0.09456,-0.42283,-1.14411
5.14536,-0.42001,-0.09379,-0.42001,-1.13783
5.15165,-0.41719,-0.09303,-0.41719,-1.13154
5.15793,-0.41438,-0.09228,-0.41438,-1.12525
5.16422,-0.41158,-0.09153,-0.41158,-1.11897
5.17051,-0.40879,-0.09079,-0.40879,-1.11268
5.17679,-0.40600,-0.09005,-0.40600,-1.10639
5.18308,-0.40323,-0.08932,-0.40323,-1.10011
5.18936,-0.40047,-0.08859,-0.40047,-1.09382
5.19565,-0.39771,-0.08786,-0.39772,-1.08754
5.20194,-0.39497,-0.08715,-0.39497,-1.08125
5.20822,-0.39223,-0.08643,-0.39223,-1.07496
5.21451,-0.38951,-0.08572,-0.38951,-1.06868
5.22080,-0.38679,-0.08502,-0.38679,-1.06239
5.22708,-0.38408,-0.08431,-0.38408,-1.05610
5.23337,-0.38137,-0.08362,-0.38137,-1.04982
5.23966,-0.37868,-0.08292,-0.37868,-1.04353
5.24594,-0.37600,-0.08224,-0.37600,-1.03724
5.25223,-0.37332,-0.08155,-0.37332,-1.03096
5.25851,-0.37065,-0.08087,-0.37065,-1.02467
5.26480,-0.36799,-0.08020,-0.36799,-1.01839
5.27109,-0.36534,-0.07953,-0.36534,-1.01210
5.27737,-0.36269,-0.07886,-0.36269,-1.00581
5.28366,-0.36006,-0.07819,-0.36006,-0.99953
5.28995,-0.35743,-0.07753,-0.35743,-0.99324
5.29623,-0.35481,-0.07688,-0.35481,-0.98695
5.30252,-0.35219,-0.07623,-0.35219,-0.98067
5.30880,-0.34959,-0.07558,-0.34959,-0.97438
5.31509,-0.34699,-0.07493,-0.34699,-0.96809
5.32138,-0.34440,-0.07429,-0.34440,-0.96181
5.32766,-0.34181,-0.07366,-0.34181,-0.95552
5.33395,-0.33923,-0.07302,-0.33923,-0.94924
5.34024,-0.33667,-0.07239,-0.33667,-0.94295
5.34652,-0.33410,-0.07177,-0.33410,-0.93666
5.35281,-0.33155,-0.07114,-0.33155,-0.93038
5.35910,-0.32900,-0.07052,-0.32900,-0.92409
5.36538,-0.32646,-0.06991,-0.32646,-0.91780
5.37167,-0.32392,-0.06929,-0.32392,-0.91152
5.37795,-0.32139,-0.06868,-0.32139,-0.90523
5.38424,-0.31887,-0.06808,-0.31887,-0.89894
5.39053,-0.31636,-0.06747,-0.31636,-0.89266
5.39681,-0.31385,-0.06687,-0.31385,-0.88637
5.40310,-0.31135,-0.06627,-0.31135,-0.88009
5.40939,-0.30885,-0.06568,-0.30885,-0.87380
5.41567,-0.30636,-0.06509,-0.30636,-0.86751
5.42196,-0.30388,-0.06450,-0.30388,-0.86123
5.42825,-0.30141,-0.06392,-0.30141,-0.85494
5.43453,-0.29894,-0.06333,-0.29894,-0.84865
5.44082,-0.29647,-0.06275,-0.29647,-0.84237
5.44710,-0.29401,-0.06218,-0.29401,-0.83608
5.45339,-0.29156,-0.06160,-0.29156,-0.82979
5.45968,-0.28911,-0.06103,-0.28912,-0.82351
5.46596,-0.28667,-0.06046,-0.28667,-0.81722
5.47225,-0.28424,-0.05990,-0.28424,-0.81094
5.47854,-0.28181,-0.05933,-0.28181,-0.80465
5.48482,-0.27939,-0.05877,-0.27939,-0.79836
5.49111,-0.27697,-0.05822,-0.27697,-0.79208
5.49739,-0.27456,-0.05766,-0.27456,-0.78579
5.50368,-0.27215,-0.05711,-0.27215,-0.77950
5.50997,-0.26975,-0.05656,-0.26975,-0.77322
5.51625,-0.26735,-0.05601,-0.26735,-0.76693
5.52254,-0.26496,-0.05546,-0.26496,-0.76065
5.52883,-0.26258,-0.05492,-0.26258,-0.75436
5.53511,-0.26020,-0.05438,-0.26020,-0.74807
5.54140,-0.25782,-0.05384,-0.25782,-0.74179
5.54769,-0.25545,-0.05331,-0.25545,-0.73550
5.55397,-0.25309,-0.05277,-0.25309,-0.72921
5.56026,-0.25073,-0.05224,-0.25073,-0.72293
5.56654,-0.24837,-0.05171,-0.24837,-0.71664
5.57283,-0.24602,-0.05118,-0.24602,-0.71035
5.57912,-0.24368,-0.05066,-0.24368,-0.70407
5.58540,-0.24134,-0.05014,-0.24134,-0.69778
5.59169,-0.23900,-0.04962,-0.23900,-0.69150
5.59798,-0.23667,-0.04910,-0.23667,-0.68521
5.60426,-0.23434,-0.04858,-0.23434,-0.67892
5.61055,-0.23202,-0.04806,-0.23202,-0.67264
5.61684,-0.22970,-0.04755,-0.22970,-0.66635
5.62312,-0.22739,-0.04704,-0.22739,-0.66006
5.62941,-0.22508,-0.04653,-0.22508,-0.65378
5.63569,-0.22278,-0.04603,-0.22278,-0.64749
5.64198,-0.22047,-0.04552,-0.22047,-0.64121
5.64827,-0.21818,-0.04502,-0.21818,-0.63492
5.65455,-0.21589,-0.04452,-0.21589,-0.62863
5.66084,-0.21360,-0.04402,-0.21360,-0.62235
5.66713,-0.21131,-0.04352,-0.21131,-0.61606
5.67341,-0.20903,-0.04302,-0.20903,-0.60977
5.67970,-0.20676,-0.04253,-0.20676,-0.60349
5.68598,-0.20449,-0.04204,-0.20449,-0.59720
5.69227,-0.20222,-0.04154,-0.20222,-0.59091
5.69856,-0.19995,-0.04105,-0.19995,-0.58463
5.70484,-0.19769,-0.04057,-0.19769,-0.57834
5.71113,-0.19544,-0.04008,-0.19544,-0.57206
5.71742,-0.19318,-0.03960,-0.19318,-0.56577
5.72370,-0.19093,-0.03911,-0.19093,-0.55948
5.72999,-0.18869,-0.03863,-0.18869,-0.55320
5.73628,-0.18645,-0.03815,-0.18645,-0.54691
5.74256,-0.18421,-0.03767,-0.18421,-0.54062
5.74885,-0.18197,-0.03720,-0.18198,-0.53435
5.75513,-0.17974,-0.03672,-0.17974,-0.52806
5.76142,-0.17751,-0.03625,-0.17751,-0.52178
5.76771,-0.17528,-0.03577,-0.17529,-0.51549
5.77399,-0.17306,-0.03530,-0.17307,-0.50920
5.78028,-0.17084,-0.03483,-0.17085,-0.50291
5.78657,-0.16863,-0.03436,-0.16863,-0.49663
5.79285,-0.16641,-0.03390,-0.16642,-0.49034
5.79914,-0.16420,-0.03343,-0.16421,-0.48405
5.80542,-0.16200,-0.03297,-0.16200,-0.47777
5.81171,-0.15979,-0.03250,-0.15980,-0.47148
5.81800,-0.15759,-0.03204,-0.15760,-0.46519
5.82428,-0.15540,-0.03158,-0.15540,-0.45891
5.83057,-0.15320,-0.03112,-0.15320,-0.45262
5.83686,-0.15101,-0.03066,-0.15101,-0.44633
5.84314,-0.14882,-0.03020,-0.14882,-0.44005
5.84943,-0.14663,-0.02975,-0.14663,-0.43376
5.85572,-0.14445,-0.02929,-0.14445,-0.42747
5.86200,-0.14227,-0.02884,-0.14227,-0.42119
5.86829,-0.14009,-0.02838,-0.14009,-0.41490
5.87457,-0.13791,-0.02793,-0.13791,-0.40861
5.88086,-0.13574,-0.02748,-0.13574,-0.40233
5.88715,-0.13357,-0.02703,-0.13357,-0.39604
5.89343,-0.13140,-0.02658,-0.13140,-0.38975
5.89972,-0.12923,-0.02613,-0.12923,-0.38347
5.90601,-0.12707,-0.02569,-0.12707,-0.37718
5.91229,-0.12491,-0.02524,-0.12491,-0.37089
5.91858,-0.12275,-0.02480,-0.12275,-0.36461
5.92486,-0.12059,-0.02435,-0.12059,-0.35832
5.93115,-0.11843,-0.02391,-0.11843,-0.35204
5.93744,-0.11628,-0.02347,-0.11628,-0.34575
5.94372,-0.11413,-0.02302,-0.11413,-0.33946
5.95001,-0.11198,-0.02258,-0.11198,-0.33318
5.95630,-0.10983,-0.02214,-0.10983,-0.32689
5.96258,-0.10769,-0.02170,-0.10769,-0.32060
5.96887,-0.10554,-0.02127,-0.10555,-0.31432
5.97516,-0.10340,-0.02083,-0.10340,-0.30803
5.98144,-0.10126,-0.02039,-0.10127,-0.30174
5.98773,-0.09913,-0.01996,-0.09913,-0.29546
5.99401,-0.09699,-0.01952,-0.09699,-0.28917
6.00030,-0.09486,-0.01909,-0.09486,-0.28288
6.00659,-0.09273,-0.01865,-0.09273,-0.27660
6.01287,-0.09059,-0.01822,-0.09059,-0.27031
6.01916,-0.08847,-0.01779,-0.08847,-0.26403
6.02545,-0.08634,-0.01735,-0.08634,-0.25774
6.03173,-0.08421,-0.01692,-0.08421,-0.25145
6.03802,-0.08209,-0.01649,-0.08209,-0.24517
6.04430,-0.07997,-0.01606,-0.07997,-0.23888
6.05059,-0.07784,-0.01563,-0.07784,-0.23259
6.05688,-0.07572,-0.01520,-0.07572,-0.22631
6.06316,-0.07360,-0.01477,-0.07360,-0.22002
6.06945,-0.07149,-0.01435,-0.07149,-0.21373
6.07574,-0.06937,-0.01392,-0.06937,-0.20745
6.08202,-0.06726,-0.01349,-0.06726,-0.20116
6.08831,-0.06514,-0.01307,-0.06514,-0.19488
6.09460,-0.06303,-0.01264,-0.06303,-0.18859
6.10088,-0.06092,-0.01221,-0.06092,-0.18230
6.10717,-0.05881,-0.01179,-0.05881,-0.17602
6.11345,-0.05670,-0.01136,-0.05670,-0.16973
6.11974,-0.05459,-0.01094,-0.05459,-0.16344
6.12603,-0.05248,-0.01052,-0.05248,-0.15716
6.13231,-0.05038,-0.01009,-0.05038,-0.15087
6.13860,-0.04827,-0.00967,-0.04827,-0.14459
6.14489,-0.04617,-0.00925,-0.04617,-0.13830
6.15117,-0.04406,-0.00882,-0.04406,-0.13201
6.15746,-0.04196,-0.00840,-0.04196,-0.12573
6.16375,-0.03986,-0.00798,-0.03986,-0.11944
6.17003,-0.03775,-0.00756,-0.03775,-0.11315
6.17632,-0.03565,-0.00714,-0.03565,-0.10687
6.18260,-0.03355,-0.00672,-0.03355,-0.10058
6.18889,-0.03145,-0.00629,-0.03145,-0.09429
6.19518,-0.02935,-0.00587,-0.02935,-0.08801
6.20146,-0.02725,-0.00545,-0.02725,-0.08172
6.20775,-0.02516,-0.00503,-0.02516,-0.07544
6.21404,-0.02306,-0.00461,-0.02306,-0.06915
6.22032,-0.02096,-0.00419,-0.02096,-0.06286
6.22661,-0.01886,-0.00377,-0.01887,-0.05659
6.23290,-0.01677,-0.00335,-0.01677,-0.05030
6.23918,-0.01467,-0.00293,-0.01467,-0.04401
6.24547,-0.01257,-0.00252,-0.01258,-0.03772
6.25175,-0.01048,-0.00210,-0.01048,-0.03143
6.25804,-0.00838,-0.00168,-0.00838,-0.02515
6.26433,-0.00629,-0.00126,-0.00629,-0.01886
6.27061,-0.00419,-0.00084,-0.00419,-0.01257
6.27690,-0.00210,-0.00042,-0.00210,-0.00629
6.28319,0.00000,0.00000,0.00000,0.00000
